--------------------------------------------------------
--  파일이 생성됨 - 화요일-11월-05-2019   
--------------------------------------------------------
--------------------------------------------------------
--  DDL for Sequence ACTOR_SEQ
--------------------------------------------------------

   CREATE SEQUENCE  "ACTOR_SEQ"  MINVALUE 1 MAXVALUE 9999999999999999999999999999 INCREMENT BY 1 START WITH 1 CACHE 20 NOORDER  NOCYCLE ;
--------------------------------------------------------
--  DDL for Sequence AUDITORIUM_SEQ
--------------------------------------------------------

   CREATE SEQUENCE  "AUDITORIUM_SEQ"  MINVALUE 1 MAXVALUE 9999999999999999999999999999 INCREMENT BY 1 START WITH 101 CACHE 20 NOORDER  NOCYCLE ;
--------------------------------------------------------
--  DDL for Sequence DIRECTOR_SEQ
--------------------------------------------------------

   CREATE SEQUENCE  "DIRECTOR_SEQ"  MINVALUE 1 MAXVALUE 9999999999999999999999999999 INCREMENT BY 1 START WITH 1 CACHE 20 NOORDER  NOCYCLE ;
--------------------------------------------------------
--  DDL for Sequence MOVIE_SEQ
--------------------------------------------------------

   CREATE SEQUENCE  "MOVIE_SEQ"  MINVALUE 1 MAXVALUE 9999999999999999999999999999 INCREMENT BY 1 START WITH 1 CACHE 20 NOORDER  NOCYCLE ;
--------------------------------------------------------
--  DDL for Sequence RESERVATION_SEQ
--------------------------------------------------------

   CREATE SEQUENCE  "RESERVATION_SEQ"  MINVALUE 1 MAXVALUE 9999999999999999999999999999 INCREMENT BY 1 START WITH 861 CACHE 20 NOORDER  NOCYCLE ;
--------------------------------------------------------
--  DDL for Sequence RESERVEDSEAT_SEQ
--------------------------------------------------------

   CREATE SEQUENCE  "RESERVEDSEAT_SEQ"  MINVALUE 1 MAXVALUE 9999999999999999999999999999 INCREMENT BY 1 START WITH 621 CACHE 20 NOORDER  NOCYCLE ;
--------------------------------------------------------
--  DDL for Sequence SCREENING_SEQ
--------------------------------------------------------

   CREATE SEQUENCE  "SCREENING_SEQ"  MINVALUE 1 MAXVALUE 9999999999999999999999999999 INCREMENT BY 1 START WITH 261 CACHE 20 NOORDER  NOCYCLE ;
--------------------------------------------------------
--  DDL for Sequence SEAT_SEQ
--------------------------------------------------------

   CREATE SEQUENCE  "SEAT_SEQ"  MINVALUE 1 MAXVALUE 9999999999999999999999999999 INCREMENT BY 1 START WITH 504 CACHE 20 NOORDER  NOCYCLE ;
--------------------------------------------------------
--  DDL for Sequence SEAT_SEQ2
--------------------------------------------------------

   CREATE SEQUENCE  "SEAT_SEQ2"  MINVALUE 1 MAXVALUE 9999999999999999999999999999 INCREMENT BY 1 START WITH 21 CACHE 20 NOORDER  NOCYCLE ;
--------------------------------------------------------
--  DDL for Sequence SEQ_ACTOR
--------------------------------------------------------

   CREATE SEQUENCE  "SEQ_ACTOR"  MINVALUE 1 MAXVALUE 9999999999999999999999999999 INCREMENT BY 1 START WITH 1 CACHE 20 NOORDER  NOCYCLE ;
--------------------------------------------------------
--  DDL for Sequence SEQ_REVIEW
--------------------------------------------------------

   CREATE SEQUENCE  "SEQ_REVIEW"  MINVALUE 1 MAXVALUE 9999999999999999999999999999 INCREMENT BY 1 START WITH 588 CACHE 20 NOORDER  NOCYCLE ;
--------------------------------------------------------
--  DDL for Sequence STILLCUT_SEQ
--------------------------------------------------------

   CREATE SEQUENCE  "STILLCUT_SEQ"  MINVALUE 1 MAXVALUE 9999999999999999999999999999 INCREMENT BY 1 START WITH 1 CACHE 20 NOORDER  NOCYCLE ;
--------------------------------------------------------
--  DDL for Sequence THEATER_SEQ
--------------------------------------------------------

   CREATE SEQUENCE  "THEATER_SEQ"  MINVALUE 1 MAXVALUE 9999999999999999999999999999 INCREMENT BY 1 START WITH 41 CACHE 20 NOORDER  NOCYCLE ;
--------------------------------------------------------
--  DDL for Table ACTOR
--------------------------------------------------------

  CREATE TABLE "ACTOR" 
   (	"ACTOR_PK" NUMBER, 
	"MOVIE_PK" NUMBER, 
	"A_CAST" VARCHAR2(2000 BYTE), 
	"ACTOR_NAME" VARCHAR2(2000 BYTE), 
	"ACTOR_IMG" VARCHAR2(2000 BYTE)
   ) SEGMENT CREATION IMMEDIATE 
  PCTFREE 10 PCTUSED 40 INITRANS 1 MAXTRANS 255 NOCOMPRESS LOGGING
  STORAGE(INITIAL 65536 NEXT 1048576 MINEXTENTS 1 MAXEXTENTS 2147483645
  PCTINCREASE 0 FREELISTS 1 FREELIST GROUPS 1 BUFFER_POOL DEFAULT FLASH_CACHE DEFAULT CELL_FLASH_CACHE DEFAULT)
  TABLESPACE "SYSTEM" ;

   COMMENT ON COLUMN "ACTOR"."ACTOR_PK" IS '배우 고유 번호';
   COMMENT ON COLUMN "ACTOR"."MOVIE_PK" IS '영화 고유 번호';
   COMMENT ON COLUMN "ACTOR"."A_CAST" IS '배우 역할';
   COMMENT ON COLUMN "ACTOR"."ACTOR_NAME" IS '배우 이름';
   COMMENT ON COLUMN "ACTOR"."ACTOR_IMG" IS '배우 이미지
';
--------------------------------------------------------
--  DDL for Table AUDITORIUM
--------------------------------------------------------

  CREATE TABLE "AUDITORIUM" 
   (	"AUD_PK" NUMBER, 
	"AUD_NAME" VARCHAR2(2000 BYTE), 
	"SEAT_NUM" NUMBER, 
	"THEATER_PK_NO" NUMBER
   ) SEGMENT CREATION IMMEDIATE 
  PCTFREE 10 PCTUSED 40 INITRANS 1 MAXTRANS 255 NOCOMPRESS LOGGING
  STORAGE(INITIAL 65536 NEXT 1048576 MINEXTENTS 1 MAXEXTENTS 2147483645
  PCTINCREASE 0 FREELISTS 1 FREELIST GROUPS 1 BUFFER_POOL DEFAULT FLASH_CACHE DEFAULT CELL_FLASH_CACHE DEFAULT)
  TABLESPACE "SYSTEM" ;

   COMMENT ON COLUMN "AUDITORIUM"."AUD_PK" IS '상영관 고유 번호';
   COMMENT ON COLUMN "AUDITORIUM"."AUD_NAME" IS '상영관 이름(1관,2관...)';
   COMMENT ON COLUMN "AUDITORIUM"."SEAT_NUM" IS '좌석개수';
   COMMENT ON COLUMN "AUDITORIUM"."THEATER_PK_NO" IS '영화관 고유 번호';
--------------------------------------------------------
--  DDL for Table DIRECTOR
--------------------------------------------------------

  CREATE TABLE "DIRECTOR" 
   (	"DIRECTOR_PK" NUMBER, 
	"D_NAME" VARCHAR2(2000 BYTE), 
	"MOVIE_PK" NUMBER
   ) SEGMENT CREATION IMMEDIATE 
  PCTFREE 10 PCTUSED 40 INITRANS 1 MAXTRANS 255 NOCOMPRESS LOGGING
  STORAGE(INITIAL 65536 NEXT 1048576 MINEXTENTS 1 MAXEXTENTS 2147483645
  PCTINCREASE 0 FREELISTS 1 FREELIST GROUPS 1 BUFFER_POOL DEFAULT FLASH_CACHE DEFAULT CELL_FLASH_CACHE DEFAULT)
  TABLESPACE "SYSTEM" ;

   COMMENT ON COLUMN "DIRECTOR"."DIRECTOR_PK" IS '감독 고유 번호';
   COMMENT ON COLUMN "DIRECTOR"."D_NAME" IS '감독 이름';
   COMMENT ON COLUMN "DIRECTOR"."MOVIE_PK" IS '영화 고유 번호';
--------------------------------------------------------
--  DDL for Table KAKAOMEMBER
--------------------------------------------------------

  CREATE TABLE "KAKAOMEMBER" 
   (	"USERID" VARCHAR2(2000 BYTE), 
	"EMAIL" VARCHAR2(2000 BYTE), 
	"ADDRESS" VARCHAR2(2000 BYTE), 
	"BIRTHDATE" DATE, 
	"NAME" VARCHAR2(2000 BYTE), 
	"PHONE" VARCHAR2(2000 BYTE), 
	"APILOGIN" CHAR(1 BYTE), 
	"AGREE" CHAR(1 BYTE), 
	"ADDRESS2" VARCHAR2(2000 BYTE)
   ) SEGMENT CREATION IMMEDIATE 
  PCTFREE 10 PCTUSED 40 INITRANS 1 MAXTRANS 255 NOCOMPRESS LOGGING
  STORAGE(INITIAL 65536 NEXT 1048576 MINEXTENTS 1 MAXEXTENTS 2147483645
  PCTINCREASE 0 FREELISTS 1 FREELIST GROUPS 1 BUFFER_POOL DEFAULT FLASH_CACHE DEFAULT CELL_FLASH_CACHE DEFAULT)
  TABLESPACE "SYSTEM" ;
--------------------------------------------------------
--  DDL for Table MEMBER
--------------------------------------------------------

  CREATE TABLE "MEMBER" 
   (	"USERID" VARCHAR2(2000 BYTE), 
	"PASSWORD" VARCHAR2(2000 BYTE), 
	"EMAIL" VARCHAR2(2000 BYTE), 
	"ADDRESS" VARCHAR2(2000 BYTE), 
	"BIRTHDATE" DATE, 
	"NAME" VARCHAR2(2000 BYTE), 
	"PHONE" VARCHAR2(2000 BYTE), 
	"APILOGIN" CHAR(1 BYTE), 
	"AGREE" CHAR(1 BYTE), 
	"ADMIN" CHAR(1 BYTE), 
	"ADDRESS2" VARCHAR2(2000 BYTE)
   ) SEGMENT CREATION IMMEDIATE 
  PCTFREE 10 PCTUSED 40 INITRANS 1 MAXTRANS 255 NOCOMPRESS LOGGING
  STORAGE(INITIAL 65536 NEXT 1048576 MINEXTENTS 1 MAXEXTENTS 2147483645
  PCTINCREASE 0 FREELISTS 1 FREELIST GROUPS 1 BUFFER_POOL DEFAULT FLASH_CACHE DEFAULT CELL_FLASH_CACHE DEFAULT)
  TABLESPACE "SYSTEM" ;

   COMMENT ON COLUMN "MEMBER"."USERID" IS '아이디';
   COMMENT ON COLUMN "MEMBER"."PASSWORD" IS '비밀번호';
   COMMENT ON COLUMN "MEMBER"."EMAIL" IS '이메일';
   COMMENT ON COLUMN "MEMBER"."ADDRESS" IS '주소';
   COMMENT ON COLUMN "MEMBER"."BIRTHDATE" IS '생년월일';
   COMMENT ON COLUMN "MEMBER"."NAME" IS '이름';
   COMMENT ON COLUMN "MEMBER"."PHONE" IS '전화번호';
   COMMENT ON COLUMN "MEMBER"."APILOGIN" IS 'API로그인여부';
   COMMENT ON COLUMN "MEMBER"."AGREE" IS '개인정보동의여부';
   COMMENT ON COLUMN "MEMBER"."ADMIN" IS '관리자여부';
--------------------------------------------------------
--  DDL for Table MOVIE
--------------------------------------------------------

  CREATE TABLE "MOVIE" 
   (	"MOVIE_PK" NUMBER, 
	"M_TITLE" VARCHAR2(2000 BYTE), 
	"M_TITLE_ENG" VARCHAR2(2000 BYTE), 
	"MAINPOST_IMG" VARCHAR2(2000 BYTE), 
	"PLOT" VARCHAR2(2000 BYTE), 
	"RUNNINGTIME" VARCHAR2(2000 BYTE), 
	"GENRE" VARCHAR2(2000 BYTE), 
	"WATCHGRADE" VARCHAR2(2000 BYTE), 
	"OPENDATE" DATE, 
	"DIRECTOR" VARCHAR2(2000 BYTE), 
	"ACTORS" NUMBER, 
	"SCORE_AVG" NUMBER, 
	"RESERVATION_RATE" NUMBER, 
	"TRAILER" VARCHAR2(2000 BYTE)
   ) SEGMENT CREATION IMMEDIATE 
  PCTFREE 10 PCTUSED 40 INITRANS 1 MAXTRANS 255 NOCOMPRESS LOGGING
  STORAGE(INITIAL 65536 NEXT 1048576 MINEXTENTS 1 MAXEXTENTS 2147483645
  PCTINCREASE 0 FREELISTS 1 FREELIST GROUPS 1 BUFFER_POOL DEFAULT FLASH_CACHE DEFAULT CELL_FLASH_CACHE DEFAULT)
  TABLESPACE "SYSTEM" ;

   COMMENT ON COLUMN "MOVIE"."MOVIE_PK" IS '영화 고유 번호';
   COMMENT ON COLUMN "MOVIE"."M_TITLE" IS '영화 제목';
   COMMENT ON COLUMN "MOVIE"."M_TITLE_ENG" IS '영화 제목(영어)';
   COMMENT ON COLUMN "MOVIE"."MAINPOST_IMG" IS '포스트이미지';
   COMMENT ON COLUMN "MOVIE"."PLOT" IS '줄거리';
   COMMENT ON COLUMN "MOVIE"."RUNNINGTIME" IS '상영시간';
   COMMENT ON COLUMN "MOVIE"."GENRE" IS '장르';
   COMMENT ON COLUMN "MOVIE"."WATCHGRADE" IS '연령제한';
   COMMENT ON COLUMN "MOVIE"."OPENDATE" IS '개봉일';
   COMMENT ON COLUMN "MOVIE"."DIRECTOR" IS '감독';
   COMMENT ON COLUMN "MOVIE"."ACTORS" IS '배우목록';
   COMMENT ON COLUMN "MOVIE"."SCORE_AVG" IS '평론가 평점';
   COMMENT ON COLUMN "MOVIE"."RESERVATION_RATE" IS '예매율';
   COMMENT ON COLUMN "MOVIE"."TRAILER" IS '예고편';
--------------------------------------------------------
--  DDL for Table RESERVATION
--------------------------------------------------------

  CREATE TABLE "RESERVATION" 
   (	"RESERVATION_PK" NUMBER, 
	"USERID" VARCHAR2(2000 BYTE), 
	"SCR_PK_NO" NUMBER, 
	"IS_ACTIVE" NUMBER DEFAULT 1, 
	"IS_PAID" NUMBER DEFAULT 1, 
	"RESERVE_DATE" DATE DEFAULT SYSDATE, 
	"CANCLE_DATE" DATE, 
	"PAYMENT" NUMBER DEFAULT 0, 
	"KAKAOUSERID" VARCHAR2(2000 BYTE), 
	"RESV_NUM" VARCHAR2(2000 BYTE)
   ) SEGMENT CREATION IMMEDIATE 
  PCTFREE 10 PCTUSED 40 INITRANS 1 MAXTRANS 255 NOCOMPRESS LOGGING
  STORAGE(INITIAL 65536 NEXT 1048576 MINEXTENTS 1 MAXEXTENTS 2147483645
  PCTINCREASE 0 FREELISTS 1 FREELIST GROUPS 1 BUFFER_POOL DEFAULT FLASH_CACHE DEFAULT CELL_FLASH_CACHE DEFAULT)
  TABLESPACE "SYSTEM" ;

   COMMENT ON COLUMN "RESERVATION"."RESERVATION_PK" IS '예약 고유 번호';
   COMMENT ON COLUMN "RESERVATION"."USERID" IS '아이디';
   COMMENT ON COLUMN "RESERVATION"."SCR_PK_NO" IS '상영영화';
   COMMENT ON COLUMN "RESERVATION"."IS_ACTIVE" IS '본 영화/볼 영화';
   COMMENT ON COLUMN "RESERVATION"."IS_PAID" IS '예매취소/현재예매';
   COMMENT ON COLUMN "RESERVATION"."RESERVE_DATE" IS '예매날짜';
   COMMENT ON COLUMN "RESERVATION"."CANCLE_DATE" IS '취소날짜';
   COMMENT ON COLUMN "RESERVATION"."PAYMENT" IS '금액지불 유무';
   COMMENT ON COLUMN "RESERVATION"."RESV_NUM" IS '예약번호';
--------------------------------------------------------
--  DDL for Table RESERVEDSEAT
--------------------------------------------------------

  CREATE TABLE "RESERVEDSEAT" 
   (	"RESERVEDSEAT_PK" NUMBER, 
	"SEAT_PK_NO" NUMBER, 
	"SCR_PK_NO" NUMBER, 
	"RESERVATION_PK_NO" NUMBER
   ) SEGMENT CREATION IMMEDIATE 
  PCTFREE 10 PCTUSED 40 INITRANS 1 MAXTRANS 255 NOCOMPRESS LOGGING
  STORAGE(INITIAL 65536 NEXT 1048576 MINEXTENTS 1 MAXEXTENTS 2147483645
  PCTINCREASE 0 FREELISTS 1 FREELIST GROUPS 1 BUFFER_POOL DEFAULT FLASH_CACHE DEFAULT CELL_FLASH_CACHE DEFAULT)
  TABLESPACE "SYSTEM" ;

   COMMENT ON COLUMN "RESERVEDSEAT"."RESERVEDSEAT_PK" IS '예약된 좌석 고유 번호';
   COMMENT ON COLUMN "RESERVEDSEAT"."SEAT_PK_NO" IS '좌석 고유 번호';
   COMMENT ON COLUMN "RESERVEDSEAT"."SCR_PK_NO" IS '상영 중 영화 고유 번호';
   COMMENT ON COLUMN "RESERVEDSEAT"."RESERVATION_PK_NO" IS '예약 고유 번호';
--------------------------------------------------------
--  DDL for Table REVIEW
--------------------------------------------------------

  CREATE TABLE "REVIEW" 
   (	"REVIEW_PK" NUMBER, 
	"MOVIE_PK" NUMBER, 
	"RV_DATE" DATE DEFAULT SYSDATE, 
	"RV_CONTENT" VARCHAR2(2000 BYTE), 
	"USERID" VARCHAR2(2000 BYTE), 
	"SCORE" NUMBER, 
	"RV_TITLE" VARCHAR2(2000 BYTE), 
	"KAKAOUSERID" VARCHAR2(2000 BYTE)
   ) SEGMENT CREATION IMMEDIATE 
  PCTFREE 10 PCTUSED 40 INITRANS 1 MAXTRANS 255 NOCOMPRESS LOGGING
  STORAGE(INITIAL 65536 NEXT 1048576 MINEXTENTS 1 MAXEXTENTS 2147483645
  PCTINCREASE 0 FREELISTS 1 FREELIST GROUPS 1 BUFFER_POOL DEFAULT FLASH_CACHE DEFAULT CELL_FLASH_CACHE DEFAULT)
  TABLESPACE "SYSTEM" ;

   COMMENT ON COLUMN "REVIEW"."REVIEW_PK" IS '리뷰 고유 번호';
   COMMENT ON COLUMN "REVIEW"."MOVIE_PK" IS '영화 고유 번호';
   COMMENT ON COLUMN "REVIEW"."RV_DATE" IS '리뷰 작성 일자';
   COMMENT ON COLUMN "REVIEW"."RV_CONTENT" IS '리뷰 내용';
   COMMENT ON COLUMN "REVIEW"."USERID" IS '리뷰 작성자 아이디';
   COMMENT ON COLUMN "REVIEW"."SCORE" IS '평점';
   COMMENT ON COLUMN "REVIEW"."KAKAOUSERID" IS '리뷰 작성자';
--------------------------------------------------------
--  DDL for Table SCREENING
--------------------------------------------------------

  CREATE TABLE "SCREENING" 
   (	"SCR_PK" NUMBER, 
	"SCR_DATE" DATE, 
	"SCR_TIME" DATE, 
	"THEATER_PK_NO" NUMBER, 
	"AUD_PK_NO" NUMBER, 
	"MOVIE_PK_NO" NUMBER
   ) SEGMENT CREATION IMMEDIATE 
  PCTFREE 10 PCTUSED 40 INITRANS 1 MAXTRANS 255 NOCOMPRESS LOGGING
  STORAGE(INITIAL 65536 NEXT 1048576 MINEXTENTS 1 MAXEXTENTS 2147483645
  PCTINCREASE 0 FREELISTS 1 FREELIST GROUPS 1 BUFFER_POOL DEFAULT FLASH_CACHE DEFAULT CELL_FLASH_CACHE DEFAULT)
  TABLESPACE "SYSTEM" ;

   COMMENT ON COLUMN "SCREENING"."SCR_PK" IS '상영 중 영화 고유 번호';
   COMMENT ON COLUMN "SCREENING"."SCR_DATE" IS '상영일';
   COMMENT ON COLUMN "SCREENING"."SCR_TIME" IS '상영 시작시간';
   COMMENT ON COLUMN "SCREENING"."THEATER_PK_NO" IS '영화관 고유 번호';
   COMMENT ON COLUMN "SCREENING"."AUD_PK_NO" IS '상영관 고유 번호';
   COMMENT ON COLUMN "SCREENING"."MOVIE_PK_NO" IS '영화 고유 번호';
--------------------------------------------------------
--  DDL for Table SEAT
--------------------------------------------------------

  CREATE TABLE "SEAT" 
   (	"SEAT_PK" NUMBER, 
	"SEAT_NAME" VARCHAR2(2000 BYTE), 
	"AUD_PK_NO" NUMBER, 
	"SEAT_NUM" NUMBER
   ) SEGMENT CREATION IMMEDIATE 
  PCTFREE 10 PCTUSED 40 INITRANS 1 MAXTRANS 255 NOCOMPRESS LOGGING
  STORAGE(INITIAL 65536 NEXT 1048576 MINEXTENTS 1 MAXEXTENTS 2147483645
  PCTINCREASE 0 FREELISTS 1 FREELIST GROUPS 1 BUFFER_POOL DEFAULT FLASH_CACHE DEFAULT CELL_FLASH_CACHE DEFAULT)
  TABLESPACE "SYSTEM" ;

   COMMENT ON COLUMN "SEAT"."SEAT_PK" IS '좌석 고유 번호';
   COMMENT ON COLUMN "SEAT"."SEAT_NAME" IS '좌석타입';
   COMMENT ON COLUMN "SEAT"."AUD_PK_NO" IS '상영관 고유 번호';
   COMMENT ON COLUMN "SEAT"."SEAT_NUM" IS '좌석 행 번호';
--------------------------------------------------------
--  DDL for Table STILLCUT
--------------------------------------------------------

  CREATE TABLE "STILLCUT" 
   (	"STILLCUT_PK" NUMBER, 
	"STILLCUT_IMG" VARCHAR2(2000 BYTE), 
	"MOVIE_PK" NUMBER
   ) SEGMENT CREATION IMMEDIATE 
  PCTFREE 10 PCTUSED 40 INITRANS 1 MAXTRANS 255 NOCOMPRESS LOGGING
  STORAGE(INITIAL 65536 NEXT 1048576 MINEXTENTS 1 MAXEXTENTS 2147483645
  PCTINCREASE 0 FREELISTS 1 FREELIST GROUPS 1 BUFFER_POOL DEFAULT FLASH_CACHE DEFAULT CELL_FLASH_CACHE DEFAULT)
  TABLESPACE "SYSTEM" ;

   COMMENT ON COLUMN "STILLCUT"."STILLCUT_PK" IS '스틸컷 고유 번호';
   COMMENT ON COLUMN "STILLCUT"."STILLCUT_IMG" IS '스틸컷 이미지';
   COMMENT ON COLUMN "STILLCUT"."MOVIE_PK" IS '영화 고유 번호';
--------------------------------------------------------
--  DDL for Table THEATER
--------------------------------------------------------

  CREATE TABLE "THEATER" 
   (	"THEATER_PK" NUMBER, 
	"LOCATION" VARCHAR2(2000 BYTE), 
	"T_ADDRESS" VARCHAR2(2000 BYTE)
   ) SEGMENT CREATION IMMEDIATE 
  PCTFREE 10 PCTUSED 40 INITRANS 1 MAXTRANS 255 NOCOMPRESS LOGGING
  STORAGE(INITIAL 65536 NEXT 1048576 MINEXTENTS 1 MAXEXTENTS 2147483645
  PCTINCREASE 0 FREELISTS 1 FREELIST GROUPS 1 BUFFER_POOL DEFAULT FLASH_CACHE DEFAULT CELL_FLASH_CACHE DEFAULT)
  TABLESPACE "SYSTEM" ;

   COMMENT ON COLUMN "THEATER"."THEATER_PK" IS '영화관 고유 번호';
   COMMENT ON COLUMN "THEATER"."LOCATION" IS '지역 이름(서울, 경기 등)';
   COMMENT ON COLUMN "THEATER"."T_ADDRESS" IS '상세 지역(상암, 수원 등)';
REM INSERTING into ACTOR
SET DEFINE OFF;
Insert into ACTOR (ACTOR_PK,MOVIE_PK,A_CAST,ACTOR_NAME,ACTOR_IMG) values (1,1,'지영 역','정유미','JYM.jpg');
Insert into ACTOR (ACTOR_PK,MOVIE_PK,A_CAST,ACTOR_NAME,ACTOR_IMG) values (2,1,'대현 역','공유','GY.jpg');
Insert into ACTOR (ACTOR_PK,MOVIE_PK,A_CAST,ACTOR_NAME,ACTOR_IMG) values (3,1,'미숙 역','김미경','KMK.jpg');
Insert into ACTOR (ACTOR_PK,MOVIE_PK,A_CAST,ACTOR_NAME,ACTOR_IMG) values (4,1,'은영 역','공민정','KMJ.jpg');
Insert into ACTOR (ACTOR_PK,MOVIE_PK,A_CAST,ACTOR_NAME,ACTOR_IMG) values (5,2,'박웅철 역','마동석','MDS.jpg');
Insert into ACTOR (ACTOR_PK,MOVIE_PK,A_CAST,ACTOR_NAME,ACTOR_IMG) values (17,5,'장수 역','설경구','SKG.jpg');
Insert into ACTOR (ACTOR_PK,MOVIE_PK,A_CAST,ACTOR_NAME,ACTOR_IMG) values (6,2,'오구탁 역','김상중','KSJ.jpg');
Insert into ACTOR (ACTOR_PK,MOVIE_PK,A_CAST,ACTOR_NAME,ACTOR_IMG) values (7,2,'곽노순 역','김아중','KAJ.jpg');
Insert into ACTOR (ACTOR_PK,MOVIE_PK,A_CAST,ACTOR_NAME,ACTOR_IMG) values (8,2,'고유성 역','장기용','JKY.jpg');
Insert into ACTOR (ACTOR_PK,MOVIE_PK,A_CAST,ACTOR_NAME,ACTOR_IMG) values (9,3,'이명준 역','김명민','KMM.jpg');
Insert into ACTOR (ACTOR_PK,MOVIE_PK,A_CAST,ACTOR_NAME,ACTOR_IMG) values (10,3,'최성필 역','최민호','CMH.jpg');
Insert into ACTOR (ACTOR_PK,MOVIE_PK,A_CAST,ACTOR_NAME,ACTOR_IMG) values (11,3,'기하륜 역','김성철','KSC.jpg');
Insert into ACTOR (ACTOR_PK,MOVIE_PK,A_CAST,ACTOR_NAME,ACTOR_IMG) values (12,3,'류태석 역','김인권','KIG.jpg');
Insert into ACTOR (ACTOR_PK,MOVIE_PK,A_CAST,ACTOR_NAME,ACTOR_IMG) values (13,4,'재훈 역','김래원','KRW.jpg');
Insert into ACTOR (ACTOR_PK,MOVIE_PK,A_CAST,ACTOR_NAME,ACTOR_IMG) values (14,4,'선영 역','공효진','KHJ.jpg');
Insert into ACTOR (ACTOR_PK,MOVIE_PK,A_CAST,ACTOR_NAME,ACTOR_IMG) values (15,4,'병철 역','강기영','KKY.jpg');
Insert into ACTOR (ACTOR_PK,MOVIE_PK,A_CAST,ACTOR_NAME,ACTOR_IMG) values (16,4,'관수 역','정웅인','JOI.jpg');
Insert into ACTOR (ACTOR_PK,MOVIE_PK,A_CAST,ACTOR_NAME,ACTOR_IMG) values (18,5,'영기 역','조진웅','JJO.jpg');
Insert into ACTOR (ACTOR_PK,MOVIE_PK,A_CAST,ACTOR_NAME,ACTOR_IMG) values (19,5,'범도 역','허준호','HJH.jpg');
Insert into ACTOR (ACTOR_PK,MOVIE_PK,A_CAST,ACTOR_NAME,ACTOR_IMG) values (20,5,'대국 역','진선규','JSG.jpg');
Insert into ACTOR (ACTOR_PK,MOVIE_PK,A_CAST,ACTOR_NAME,ACTOR_IMG) values (22,6,'대니 역','메리 엘리자베스','MERRY.jpg');
Insert into ACTOR (ACTOR_PK,MOVIE_PK,A_CAST,ACTOR_NAME,ACTOR_IMG) values (23,6,'클레이 역','클라이브 오웬','OWEN.jpg');
Insert into ACTOR (ACTOR_PK,MOVIE_PK,A_CAST,ACTOR_NAME,ACTOR_IMG) values (24,6,'배런 역','베니딕 웡','WING.jpg');
Insert into ACTOR (ACTOR_PK,MOVIE_PK,A_CAST,ACTOR_NAME,ACTOR_IMG) values (25,7,'말레피센트 역','안젤리나 졸리','JOLY.jpg');
Insert into ACTOR (ACTOR_PK,MOVIE_PK,A_CAST,ACTOR_NAME,ACTOR_IMG) values (26,7,'오로라 역','엘르 패닝','PANNING.jpg');
Insert into ACTOR (ACTOR_PK,MOVIE_PK,A_CAST,ACTOR_NAME,ACTOR_IMG) values (27,7,'잉그리스 왕비 역','미셸 파이퍼','PIPER.jpg');
Insert into ACTOR (ACTOR_PK,MOVIE_PK,A_CAST,ACTOR_NAME,ACTOR_IMG) values (28,7,'코널 역','치웨텔 에지오포','EDGE.jpg');
Insert into ACTOR (ACTOR_PK,MOVIE_PK,A_CAST,ACTOR_NAME,ACTOR_IMG) values (29,8,'메기 역','천우희','CWH.jpg');
Insert into ACTOR (ACTOR_PK,MOVIE_PK,A_CAST,ACTOR_NAME,ACTOR_IMG) values (30,8,'이경진 역','문소리','MSL.jpg');
Insert into ACTOR (ACTOR_PK,MOVIE_PK,A_CAST,ACTOR_NAME,ACTOR_IMG) values (31,8,'여윤영 역','이주영','LJY.jpg');
Insert into ACTOR (ACTOR_PK,MOVIE_PK,A_CAST,ACTOR_NAME,ACTOR_IMG) values (32,8,'이성원 역','구교환','KGH.jpg');
Insert into ACTOR (ACTOR_PK,MOVIE_PK,A_CAST,ACTOR_NAME,ACTOR_IMG) values (33,9,'아서플렉/조커 역','호아킨 피닉스','PENIX.jpg');
Insert into ACTOR (ACTOR_PK,MOVIE_PK,A_CAST,ACTOR_NAME,ACTOR_IMG) values (34,9,'소피 역','재지 비츠','BEATS.jpg');
Insert into ACTOR (ACTOR_PK,MOVIE_PK,A_CAST,ACTOR_NAME,ACTOR_IMG) values (35,9,'머레이 프랭클린 역','로버트 드 니로','NIRO.jpg');
Insert into ACTOR (ACTOR_PK,MOVIE_PK,A_CAST,ACTOR_NAME,ACTOR_IMG) values (36,9,'페니플렉 역','프란시스 콘로이','CONROI.jpg');
Insert into ACTOR (ACTOR_PK,MOVIE_PK,A_CAST,ACTOR_NAME,ACTOR_IMG) values (37,10,'람보 역','실베스터 스탤론','RAMBO.jpg');
Insert into ACTOR (ACTOR_PK,MOVIE_PK,A_CAST,ACTOR_NAME,ACTOR_IMG) values (38,10,'카르멘 델가도 역','파즈 베가','BEGA.jpg');
Insert into ACTOR (ACTOR_PK,MOVIE_PK,A_CAST,ACTOR_NAME,ACTOR_IMG) values (39,10,'휴고 마르티네즈 역','세르지오 페리스 멘체타','MECHETA.jpg');
Insert into ACTOR (ACTOR_PK,MOVIE_PK,A_CAST,ACTOR_NAME,ACTOR_IMG) values (40,10,'빅토르 마르티네즈','오스카 자에나다','JAENADA.jpg');
Insert into ACTOR (ACTOR_PK,MOVIE_PK,A_CAST,ACTOR_NAME,ACTOR_IMG) values (21,6,'헨리/주니어 역','윌 스미스','SMITH.jpg');
Insert into ACTOR (ACTOR_PK,MOVIE_PK,A_CAST,ACTOR_NAME,ACTOR_IMG) values (41,11,'은희 역','박지후','PJH.jpg');
Insert into ACTOR (ACTOR_PK,MOVIE_PK,A_CAST,ACTOR_NAME,ACTOR_IMG) values (42,11,'영지 역','김새벽','KSB.jpg');
Insert into ACTOR (ACTOR_PK,MOVIE_PK,A_CAST,ACTOR_NAME,ACTOR_IMG) values (43,11,'은희아빠 역','정인기','JIK.jpg');
Insert into ACTOR (ACTOR_PK,MOVIE_PK,A_CAST,ACTOR_NAME,ACTOR_IMG) values (44,11,'은희엄마 역','이승연','LSY.jpg');
Insert into ACTOR (ACTOR_PK,MOVIE_PK,A_CAST,ACTOR_NAME,ACTOR_IMG) values (45,12,'라이오넬 역','휴 잭맨','JACKMAN.jpg');
Insert into ACTOR (ACTOR_PK,MOVIE_PK,A_CAST,ACTOR_NAME,ACTOR_IMG) values (46,12,'아델리나 역','조 샐다나','SAELDANA.jpg');
Insert into ACTOR (ACTOR_PK,MOVIE_PK,A_CAST,ACTOR_NAME,ACTOR_IMG) values (47,12,'수잔','자흐 갈리피아나키스','JAH.jpg');
Insert into ACTOR (ACTOR_PK,MOVIE_PK,A_CAST,ACTOR_NAME,ACTOR_IMG) values (48,12,'예티 여왕','엠마 톰슨','TOMSON.jpg');
Insert into ACTOR (ACTOR_PK,MOVIE_PK,A_CAST,ACTOR_NAME,ACTOR_IMG) values (49,13,'권상곤 역','천정명','CJM.jpg');
Insert into ACTOR (ACTOR_PK,MOVIE_PK,A_CAST,ACTOR_NAME,ACTOR_IMG) values (50,13,'구철회 역','진이한','JLH.jpg');
Insert into ACTOR (ACTOR_PK,MOVIE_PK,A_CAST,ACTOR_NAME,ACTOR_IMG) values (51,13,'정민정 역','이시아','LSA.jpg');
Insert into ACTOR (ACTOR_PK,MOVIE_PK,A_CAST,ACTOR_NAME,ACTOR_IMG) values (52,13,'박태규 역','이하을','LHY.jpg');
Insert into ACTOR (ACTOR_PK,MOVIE_PK,A_CAST,ACTOR_NAME,ACTOR_IMG) values (53,14,'말순 역','나문희','NMH.jpg');
Insert into ACTOR (ACTOR_PK,MOVIE_PK,A_CAST,ACTOR_NAME,ACTOR_IMG) values (54,14,'공주 역','김수안','KSA.jpg');
Insert into ACTOR (ACTOR_PK,MOVIE_PK,A_CAST,ACTOR_NAME,ACTOR_IMG) values (55,15,'교황 베네딕토 16세 역','안소니 홉킨스','HOPKINS.jpg');
Insert into ACTOR (ACTOR_PK,MOVIE_PK,A_CAST,ACTOR_NAME,ACTOR_IMG) values (56,15,'교황 프란치스코 역','조나단 프라이스','PRICE.jpg');
Insert into ACTOR (ACTOR_PK,MOVIE_PK,A_CAST,ACTOR_NAME,ACTOR_IMG) values (57,15,'젊은 프란치스코 역','후안 미누진','MINUJIN.jpg');
Insert into ACTOR (ACTOR_PK,MOVIE_PK,A_CAST,ACTOR_NAME,ACTOR_IMG) values (58,15,'추기경 턱슨 역','시드니 콜','COLE.jpg');
Insert into ACTOR (ACTOR_PK,MOVIE_PK,A_CAST,ACTOR_NAME,ACTOR_IMG) values (59,16,'그리자벨라 역','제니퍼 허드슨','HUDSON.jpg');
Insert into ACTOR (ACTOR_PK,MOVIE_PK,A_CAST,ACTOR_NAME,ACTOR_IMG) values (60,16,'봄발루리나 역','테일러 스위프트','SWIFT.jpg');
Insert into ACTOR (ACTOR_PK,MOVIE_PK,A_CAST,ACTOR_NAME,ACTOR_IMG) values (61,16,'매캐비티 역','이드리스 엘바','ELBA.jpg');
Insert into ACTOR (ACTOR_PK,MOVIE_PK,A_CAST,ACTOR_NAME,ACTOR_IMG) values (62,16,'빅토리아 역','프란체스카 헤이워드','HEYWORD.jpg');
Insert into ACTOR (ACTOR_PK,MOVIE_PK,A_CAST,ACTOR_NAME,ACTOR_IMG) values (63,17,'주연','드웨인 존슨','JONSON.jpg');
Insert into ACTOR (ACTOR_PK,MOVIE_PK,A_CAST,ACTOR_NAME,ACTOR_IMG) values (64,17,'주연','잭 블랙','BLACK.jpg');
Insert into ACTOR (ACTOR_PK,MOVIE_PK,A_CAST,ACTOR_NAME,ACTOR_IMG) values (65,17,'주연','케빈 하트','HEART.jpg');
Insert into ACTOR (ACTOR_PK,MOVIE_PK,A_CAST,ACTOR_NAME,ACTOR_IMG) values (66,17,'주연','카렌 길런','GILEAN.jpg');
Insert into ACTOR (ACTOR_PK,MOVIE_PK,A_CAST,ACTOR_NAME,ACTOR_IMG) values (67,18,'남자 역','데이빗 스트라탄','STRIAN.jpg');
Insert into ACTOR (ACTOR_PK,MOVIE_PK,A_CAST,ACTOR_NAME,ACTOR_IMG) values (68,18,'폴 애셔 역','브렌튼 스웨이츠','SWEATS.jpg');
Insert into ACTOR (ACTOR_PK,MOVIE_PK,A_CAST,ACTOR_NAME,ACTOR_IMG) values (69,18,'게리 역','힐 하퍼','HAPER.jpg');
Insert into ACTOR (ACTOR_PK,MOVIE_PK,A_CAST,ACTOR_NAME,ACTOR_IMG) values (70,19,'닥터 두리틀 역','로버트 다우니 주니어','JUNIOR.jpg');
Insert into ACTOR (ACTOR_PK,MOVIE_PK,A_CAST,ACTOR_NAME,ACTOR_IMG) values (71,19,'라술리 역','안토니오 반데라스','VANDERAS.jpg');
Insert into ACTOR (ACTOR_PK,MOVIE_PK,A_CAST,ACTOR_NAME,ACTOR_IMG) values (72,19,'치-치 목소리 역','라미 말렉','MALEC.jpg');
Insert into ACTOR (ACTOR_PK,MOVIE_PK,A_CAST,ACTOR_NAME,ACTOR_IMG) values (73,19,'지프 목소리 역','톰 홀랜드','HOLAND.jpg');
Insert into ACTOR (ACTOR_PK,MOVIE_PK,A_CAST,ACTOR_NAME,ACTOR_IMG) values (74,20,'레이 역','데이지 리들리','RIDELY.jpg');
Insert into ACTOR (ACTOR_PK,MOVIE_PK,A_CAST,ACTOR_NAME,ACTOR_IMG) values (75,20,'카일로 렌 역','아담 드라이버','DRIVER.jpg');
Insert into ACTOR (ACTOR_PK,MOVIE_PK,A_CAST,ACTOR_NAME,ACTOR_IMG) values (76,20,'핀 역','존 보예가','VOYEGA.jpg');
Insert into ACTOR (ACTOR_PK,MOVIE_PK,A_CAST,ACTOR_NAME,ACTOR_IMG) values (77,20,'포 다메론 역','오스카 아이삭','ISAC.jpg');
Insert into ACTOR (ACTOR_PK,MOVIE_PK,A_CAST,ACTOR_NAME,ACTOR_IMG) values (78,21,'듀크 역','랄프 파인즈','FINZ.jpg');
Insert into ACTOR (ACTOR_PK,MOVIE_PK,A_CAST,ACTOR_NAME,ACTOR_IMG) values (79,21,'폴리 역','젬마 아터튼','ATETUN.jpg');
Insert into ACTOR (ACTOR_PK,MOVIE_PK,A_CAST,ACTOR_NAME,ACTOR_IMG) values (80,21,'-','리스 이판','IPAN.jpg');
Insert into ACTOR (ACTOR_PK,MOVIE_PK,A_CAST,ACTOR_NAME,ACTOR_IMG) values (81,21,'트리스탄 역','매튜 구드','GOOD.jpg');
Insert into ACTOR (ACTOR_PK,MOVIE_PK,A_CAST,ACTOR_NAME,ACTOR_IMG) values (82,22,'할리 퀸 역','마고 로비','ROBY.jpg');
Insert into ACTOR (ACTOR_PK,MOVIE_PK,A_CAST,ACTOR_NAME,ACTOR_IMG) values (83,22,'헌트레스 역','메리 엘리자베스','WANSTED.jpg');
Insert into ACTOR (ACTOR_PK,MOVIE_PK,A_CAST,ACTOR_NAME,ACTOR_IMG) values (84,22,'블랙 마스크 역','이완 맥그리거','MAG.jpg');
Insert into ACTOR (ACTOR_PK,MOVIE_PK,A_CAST,ACTOR_NAME,ACTOR_IMG) values (85,22,'블랙 카나리 역','저니 스몰렛','SMALLET.jpg');
REM INSERTING into AUDITORIUM
SET DEFINE OFF;
Insert into AUDITORIUM (AUD_PK,AUD_NAME,SEAT_NUM,THEATER_PK_NO) values (22,'4관',35,1);
Insert into AUDITORIUM (AUD_PK,AUD_NAME,SEAT_NUM,THEATER_PK_NO) values (23,'5관',35,1);
Insert into AUDITORIUM (AUD_PK,AUD_NAME,SEAT_NUM,THEATER_PK_NO) values (24,'6관',35,1);
Insert into AUDITORIUM (AUD_PK,AUD_NAME,SEAT_NUM,THEATER_PK_NO) values (1,'1관',35,1);
Insert into AUDITORIUM (AUD_PK,AUD_NAME,SEAT_NUM,THEATER_PK_NO) values (2,'2관',35,1);
Insert into AUDITORIUM (AUD_PK,AUD_NAME,SEAT_NUM,THEATER_PK_NO) values (3,'1관',35,2);
Insert into AUDITORIUM (AUD_PK,AUD_NAME,SEAT_NUM,THEATER_PK_NO) values (4,'2관',35,2);
Insert into AUDITORIUM (AUD_PK,AUD_NAME,SEAT_NUM,THEATER_PK_NO) values (5,'1관',35,3);
Insert into AUDITORIUM (AUD_PK,AUD_NAME,SEAT_NUM,THEATER_PK_NO) values (6,'2관',35,3);
Insert into AUDITORIUM (AUD_PK,AUD_NAME,SEAT_NUM,THEATER_PK_NO) values (7,'1관',35,4);
Insert into AUDITORIUM (AUD_PK,AUD_NAME,SEAT_NUM,THEATER_PK_NO) values (8,'2관',35,4);
Insert into AUDITORIUM (AUD_PK,AUD_NAME,SEAT_NUM,THEATER_PK_NO) values (9,'1관',35,5);
Insert into AUDITORIUM (AUD_PK,AUD_NAME,SEAT_NUM,THEATER_PK_NO) values (10,'2관',35,5);
Insert into AUDITORIUM (AUD_PK,AUD_NAME,SEAT_NUM,THEATER_PK_NO) values (11,'1관',35,6);
Insert into AUDITORIUM (AUD_PK,AUD_NAME,SEAT_NUM,THEATER_PK_NO) values (12,'2관',35,6);
Insert into AUDITORIUM (AUD_PK,AUD_NAME,SEAT_NUM,THEATER_PK_NO) values (13,'1관',35,7);
Insert into AUDITORIUM (AUD_PK,AUD_NAME,SEAT_NUM,THEATER_PK_NO) values (14,'2관',35,7);
Insert into AUDITORIUM (AUD_PK,AUD_NAME,SEAT_NUM,THEATER_PK_NO) values (21,'3관',35,1);
Insert into AUDITORIUM (AUD_PK,AUD_NAME,SEAT_NUM,THEATER_PK_NO) values (25,'3관',35,2);
Insert into AUDITORIUM (AUD_PK,AUD_NAME,SEAT_NUM,THEATER_PK_NO) values (26,'4관',35,2);
Insert into AUDITORIUM (AUD_PK,AUD_NAME,SEAT_NUM,THEATER_PK_NO) values (27,'5관',35,2);
Insert into AUDITORIUM (AUD_PK,AUD_NAME,SEAT_NUM,THEATER_PK_NO) values (28,'6관',35,2);
Insert into AUDITORIUM (AUD_PK,AUD_NAME,SEAT_NUM,THEATER_PK_NO) values (29,'3관',35,3);
Insert into AUDITORIUM (AUD_PK,AUD_NAME,SEAT_NUM,THEATER_PK_NO) values (30,'4관',35,3);
Insert into AUDITORIUM (AUD_PK,AUD_NAME,SEAT_NUM,THEATER_PK_NO) values (31,'5관',35,3);
Insert into AUDITORIUM (AUD_PK,AUD_NAME,SEAT_NUM,THEATER_PK_NO) values (32,'6관',35,3);
Insert into AUDITORIUM (AUD_PK,AUD_NAME,SEAT_NUM,THEATER_PK_NO) values (33,'3관',35,4);
Insert into AUDITORIUM (AUD_PK,AUD_NAME,SEAT_NUM,THEATER_PK_NO) values (34,'4관',35,4);
Insert into AUDITORIUM (AUD_PK,AUD_NAME,SEAT_NUM,THEATER_PK_NO) values (35,'5관',35,4);
Insert into AUDITORIUM (AUD_PK,AUD_NAME,SEAT_NUM,THEATER_PK_NO) values (36,'6관',35,4);
Insert into AUDITORIUM (AUD_PK,AUD_NAME,SEAT_NUM,THEATER_PK_NO) values (37,'3관',35,5);
Insert into AUDITORIUM (AUD_PK,AUD_NAME,SEAT_NUM,THEATER_PK_NO) values (38,'4관',35,5);
Insert into AUDITORIUM (AUD_PK,AUD_NAME,SEAT_NUM,THEATER_PK_NO) values (39,'5관',35,5);
Insert into AUDITORIUM (AUD_PK,AUD_NAME,SEAT_NUM,THEATER_PK_NO) values (40,'6관',35,5);
Insert into AUDITORIUM (AUD_PK,AUD_NAME,SEAT_NUM,THEATER_PK_NO) values (41,'3관',35,6);
Insert into AUDITORIUM (AUD_PK,AUD_NAME,SEAT_NUM,THEATER_PK_NO) values (42,'4관',35,6);
Insert into AUDITORIUM (AUD_PK,AUD_NAME,SEAT_NUM,THEATER_PK_NO) values (43,'5관',35,6);
Insert into AUDITORIUM (AUD_PK,AUD_NAME,SEAT_NUM,THEATER_PK_NO) values (44,'6관',35,6);
Insert into AUDITORIUM (AUD_PK,AUD_NAME,SEAT_NUM,THEATER_PK_NO) values (45,'3관',35,7);
Insert into AUDITORIUM (AUD_PK,AUD_NAME,SEAT_NUM,THEATER_PK_NO) values (46,'4관',35,7);
Insert into AUDITORIUM (AUD_PK,AUD_NAME,SEAT_NUM,THEATER_PK_NO) values (47,'5관',35,7);
Insert into AUDITORIUM (AUD_PK,AUD_NAME,SEAT_NUM,THEATER_PK_NO) values (48,'6관',35,7);
Insert into AUDITORIUM (AUD_PK,AUD_NAME,SEAT_NUM,THEATER_PK_NO) values (49,'1관',35,21);
Insert into AUDITORIUM (AUD_PK,AUD_NAME,SEAT_NUM,THEATER_PK_NO) values (50,'2관',35,21);
Insert into AUDITORIUM (AUD_PK,AUD_NAME,SEAT_NUM,THEATER_PK_NO) values (51,'3관',35,21);
Insert into AUDITORIUM (AUD_PK,AUD_NAME,SEAT_NUM,THEATER_PK_NO) values (52,'4관',35,21);
Insert into AUDITORIUM (AUD_PK,AUD_NAME,SEAT_NUM,THEATER_PK_NO) values (53,'5관',35,21);
Insert into AUDITORIUM (AUD_PK,AUD_NAME,SEAT_NUM,THEATER_PK_NO) values (54,'6관',35,21);
Insert into AUDITORIUM (AUD_PK,AUD_NAME,SEAT_NUM,THEATER_PK_NO) values (55,'1관',35,23);
Insert into AUDITORIUM (AUD_PK,AUD_NAME,SEAT_NUM,THEATER_PK_NO) values (56,'2관',35,23);
Insert into AUDITORIUM (AUD_PK,AUD_NAME,SEAT_NUM,THEATER_PK_NO) values (57,'3관',35,23);
Insert into AUDITORIUM (AUD_PK,AUD_NAME,SEAT_NUM,THEATER_PK_NO) values (58,'4관',35,23);
Insert into AUDITORIUM (AUD_PK,AUD_NAME,SEAT_NUM,THEATER_PK_NO) values (59,'5관',35,23);
Insert into AUDITORIUM (AUD_PK,AUD_NAME,SEAT_NUM,THEATER_PK_NO) values (60,'6관',35,23);
Insert into AUDITORIUM (AUD_PK,AUD_NAME,SEAT_NUM,THEATER_PK_NO) values (61,'1관',35,24);
Insert into AUDITORIUM (AUD_PK,AUD_NAME,SEAT_NUM,THEATER_PK_NO) values (62,'2관',35,24);
Insert into AUDITORIUM (AUD_PK,AUD_NAME,SEAT_NUM,THEATER_PK_NO) values (63,'3관',35,24);
Insert into AUDITORIUM (AUD_PK,AUD_NAME,SEAT_NUM,THEATER_PK_NO) values (64,'4관',35,24);
Insert into AUDITORIUM (AUD_PK,AUD_NAME,SEAT_NUM,THEATER_PK_NO) values (65,'5관',35,24);
Insert into AUDITORIUM (AUD_PK,AUD_NAME,SEAT_NUM,THEATER_PK_NO) values (66,'6관',35,24);
Insert into AUDITORIUM (AUD_PK,AUD_NAME,SEAT_NUM,THEATER_PK_NO) values (67,'1관',35,25);
Insert into AUDITORIUM (AUD_PK,AUD_NAME,SEAT_NUM,THEATER_PK_NO) values (68,'2관',35,25);
Insert into AUDITORIUM (AUD_PK,AUD_NAME,SEAT_NUM,THEATER_PK_NO) values (69,'3관',35,25);
Insert into AUDITORIUM (AUD_PK,AUD_NAME,SEAT_NUM,THEATER_PK_NO) values (70,'4관',35,25);
Insert into AUDITORIUM (AUD_PK,AUD_NAME,SEAT_NUM,THEATER_PK_NO) values (71,'5관',35,25);
Insert into AUDITORIUM (AUD_PK,AUD_NAME,SEAT_NUM,THEATER_PK_NO) values (72,'6관',35,25);
Insert into AUDITORIUM (AUD_PK,AUD_NAME,SEAT_NUM,THEATER_PK_NO) values (73,'1관',35,26);
Insert into AUDITORIUM (AUD_PK,AUD_NAME,SEAT_NUM,THEATER_PK_NO) values (74,'2관',35,26);
Insert into AUDITORIUM (AUD_PK,AUD_NAME,SEAT_NUM,THEATER_PK_NO) values (75,'3관',35,26);
Insert into AUDITORIUM (AUD_PK,AUD_NAME,SEAT_NUM,THEATER_PK_NO) values (76,'4관',35,26);
Insert into AUDITORIUM (AUD_PK,AUD_NAME,SEAT_NUM,THEATER_PK_NO) values (77,'5관',35,26);
Insert into AUDITORIUM (AUD_PK,AUD_NAME,SEAT_NUM,THEATER_PK_NO) values (78,'6관',35,26);
Insert into AUDITORIUM (AUD_PK,AUD_NAME,SEAT_NUM,THEATER_PK_NO) values (79,'1관',35,27);
Insert into AUDITORIUM (AUD_PK,AUD_NAME,SEAT_NUM,THEATER_PK_NO) values (80,'2관',35,27);
Insert into AUDITORIUM (AUD_PK,AUD_NAME,SEAT_NUM,THEATER_PK_NO) values (81,'3관',35,27);
Insert into AUDITORIUM (AUD_PK,AUD_NAME,SEAT_NUM,THEATER_PK_NO) values (82,'4관',35,27);
Insert into AUDITORIUM (AUD_PK,AUD_NAME,SEAT_NUM,THEATER_PK_NO) values (83,'5관',35,27);
Insert into AUDITORIUM (AUD_PK,AUD_NAME,SEAT_NUM,THEATER_PK_NO) values (84,'6관',35,27);
Insert into AUDITORIUM (AUD_PK,AUD_NAME,SEAT_NUM,THEATER_PK_NO) values (85,'1관',35,28);
Insert into AUDITORIUM (AUD_PK,AUD_NAME,SEAT_NUM,THEATER_PK_NO) values (86,'2관',35,28);
Insert into AUDITORIUM (AUD_PK,AUD_NAME,SEAT_NUM,THEATER_PK_NO) values (87,'3관',35,28);
Insert into AUDITORIUM (AUD_PK,AUD_NAME,SEAT_NUM,THEATER_PK_NO) values (88,'4관',35,28);
Insert into AUDITORIUM (AUD_PK,AUD_NAME,SEAT_NUM,THEATER_PK_NO) values (89,'5관',35,28);
Insert into AUDITORIUM (AUD_PK,AUD_NAME,SEAT_NUM,THEATER_PK_NO) values (90,'6관',35,28);
Insert into AUDITORIUM (AUD_PK,AUD_NAME,SEAT_NUM,THEATER_PK_NO) values (91,'1관',35,29);
Insert into AUDITORIUM (AUD_PK,AUD_NAME,SEAT_NUM,THEATER_PK_NO) values (92,'2관',35,29);
Insert into AUDITORIUM (AUD_PK,AUD_NAME,SEAT_NUM,THEATER_PK_NO) values (93,'3관',35,29);
Insert into AUDITORIUM (AUD_PK,AUD_NAME,SEAT_NUM,THEATER_PK_NO) values (94,'4관',35,29);
Insert into AUDITORIUM (AUD_PK,AUD_NAME,SEAT_NUM,THEATER_PK_NO) values (95,'5관',35,29);
Insert into AUDITORIUM (AUD_PK,AUD_NAME,SEAT_NUM,THEATER_PK_NO) values (96,'6관',35,29);
REM INSERTING into DIRECTOR
SET DEFINE OFF;
Insert into DIRECTOR (DIRECTOR_PK,D_NAME,MOVIE_PK) values (1,'김도영',1);
Insert into DIRECTOR (DIRECTOR_PK,D_NAME,MOVIE_PK) values (2,'손용호',2);
Insert into DIRECTOR (DIRECTOR_PK,D_NAME,MOVIE_PK) values (3,'곽경택, 김태훈',3);
Insert into DIRECTOR (DIRECTOR_PK,D_NAME,MOVIE_PK) values (4,'김한결',4);
Insert into DIRECTOR (DIRECTOR_PK,D_NAME,MOVIE_PK) values (5,'용수',5);
Insert into DIRECTOR (DIRECTOR_PK,D_NAME,MOVIE_PK) values (6,'이안',6);
Insert into DIRECTOR (DIRECTOR_PK,D_NAME,MOVIE_PK) values (7,'요아킴 뢰닝',7);
Insert into DIRECTOR (DIRECTOR_PK,D_NAME,MOVIE_PK) values (8,'이옥섭',8);
Insert into DIRECTOR (DIRECTOR_PK,D_NAME,MOVIE_PK) values (9,'토드 필립스',9);
Insert into DIRECTOR (DIRECTOR_PK,D_NAME,MOVIE_PK) values (10,'애드리언 그런버그',10);
Insert into DIRECTOR (DIRECTOR_PK,D_NAME,MOVIE_PK) values (11,'김보라',11);
Insert into DIRECTOR (DIRECTOR_PK,D_NAME,MOVIE_PK) values (12,'크리스 버틀러',12);
Insert into DIRECTOR (DIRECTOR_PK,D_NAME,MOVIE_PK) values (13,'송창용',13);
Insert into DIRECTOR (DIRECTOR_PK,D_NAME,MOVIE_PK) values (14,'허인우',14);
Insert into DIRECTOR (DIRECTOR_PK,D_NAME,MOVIE_PK) values (15,'페르난도 메이렐레스',15);
Insert into DIRECTOR (DIRECTOR_PK,D_NAME,MOVIE_PK) values (16,'톰 후퍼',16);
Insert into DIRECTOR (DIRECTOR_PK,D_NAME,MOVIE_PK) values (17,'제이크 캐스단',17);
Insert into DIRECTOR (DIRECTOR_PK,D_NAME,MOVIE_PK) values (18,'페리랑',18);
Insert into DIRECTOR (DIRECTOR_PK,D_NAME,MOVIE_PK) values (19,'스티븐 개건',19);
Insert into DIRECTOR (DIRECTOR_PK,D_NAME,MOVIE_PK) values (20,'J.J.에이브링스',20);
Insert into DIRECTOR (DIRECTOR_PK,D_NAME,MOVIE_PK) values (21,'매튜 본',21);
Insert into DIRECTOR (DIRECTOR_PK,D_NAME,MOVIE_PK) values (22,'케티 얀',22);
REM INSERTING into KAKAOMEMBER
SET DEFINE OFF;
Insert into KAKAOMEMBER (USERID,EMAIL,ADDRESS,BIRTHDATE,NAME,PHONE,APILOGIN,AGREE,ADDRESS2) values ('jung4102@naver.com','jung4102@naver.com','부산 해운대구 APEC로 17',to_date('91/04/10','RR/MM/DD'),'정민영','010-1234-1234','1','1','111');
Insert into KAKAOMEMBER (USERID,EMAIL,ADDRESS,BIRTHDATE,NAME,PHONE,APILOGIN,AGREE,ADDRESS2) values ('hwang2000k@naver.com','hwang2000k@naver.com',null,null,'황영일',null,'1',null,null);
Insert into KAKAOMEMBER (USERID,EMAIL,ADDRESS,BIRTHDATE,NAME,PHONE,APILOGIN,AGREE,ADDRESS2) values ('olyyl01221@naver.com','olyyl01221@naver.com',null,null,'박소윤',null,'1',null,null);
Insert into KAKAOMEMBER (USERID,EMAIL,ADDRESS,BIRTHDATE,NAME,PHONE,APILOGIN,AGREE,ADDRESS2) values ('ehdgusdldo@gmail.com','ehdgusdldo@gmail.com',null,null,'백동현',null,'1',null,null);
REM INSERTING into MEMBER
SET DEFINE OFF;
Insert into MEMBER (USERID,PASSWORD,EMAIL,ADDRESS,BIRTHDATE,NAME,PHONE,APILOGIN,AGREE,ADMIN,ADDRESS2) values ('tester','1234','abcd@abcd.com',null,to_date('19/09/28','RR/MM/DD'),'테스터','010-0000-0000','0','1','0',null);
Insert into MEMBER (USERID,PASSWORD,EMAIL,ADDRESS,BIRTHDATE,NAME,PHONE,APILOGIN,AGREE,ADMIN,ADDRESS2) values ('test123','96cae35ce8a9b0244178bf28e4966c2ce1b8385723a96a6b838858cdd6ca0a1e','jung410122@naver.com',null,to_date('91/04/10','RR/MM/DD'),'정민영짱','010-1234-1234','0','0','0',null);
Insert into MEMBER (USERID,PASSWORD,EMAIL,ADDRESS,BIRTHDATE,NAME,PHONE,APILOGIN,AGREE,ADMIN,ADDRESS2) values ('no11','96cae35ce8a9b0244178bf28e4966c2ce1b8385723a96a6b838858cdd6ca0a1e','no1@naver.com','서울시 강서구 화곡동',to_date('91/01/01','RR/MM/DD'),'노히원숭','02-1234-1234','0','1','0','123123');
Insert into MEMBER (USERID,PASSWORD,EMAIL,ADDRESS,BIRTHDATE,NAME,PHONE,APILOGIN,AGREE,ADMIN,ADDRESS2) values ('tester2','96cae35ce8a9b0244178bf28e4966c2ce1b8385723a96a6b838858cdd6ca0a1e','jung4102@naver.com','서울 강서구 강서로 375',to_date('99/01/01','RR/MM/DD'),'테스터','010-1234-1234','0','1','0','마곡동1');
Insert into MEMBER (USERID,PASSWORD,EMAIL,ADDRESS,BIRTHDATE,NAME,PHONE,APILOGIN,AGREE,ADMIN,ADDRESS2) values ('test2','e3b0c44298fc1c149afbf4c8996fb92427ae41e4649b934ca495991b7852b855','jung4102@naver.com','123',to_date('19/10/07','RR/MM/DD'),'정민영','010-1111-5555','0','1','0','마곡동123123');
Insert into MEMBER (USERID,PASSWORD,EMAIL,ADDRESS,BIRTHDATE,NAME,PHONE,APILOGIN,AGREE,ADMIN,ADDRESS2) values ('webtest','96cae35ce8a9b0244178bf28e4966c2ce1b8385723a96a6b838858cdd6ca0a1e','jung41021@naver.com','부산 해운대구 APEC로 17',to_date('91/04/10','RR/MM/DD'),'정민영짱','010-1234-1234','0','1','0','어딘가');
Insert into MEMBER (USERID,PASSWORD,EMAIL,ADDRESS,BIRTHDATE,NAME,PHONE,APILOGIN,AGREE,ADMIN,ADDRESS2) values ('no111','96cae35ce8a9b0244178bf28e4966c2ce1b8385723a96a6b838858cdd6ca0a1e','no111@naver.com','제주특별자치도 제주시 첨단로 242',to_date('99/01/01','RR/MM/DD'),'흟햫탉','010-1111-2222','0','0','0','상세주소긔');
Insert into MEMBER (USERID,PASSWORD,EMAIL,ADDRESS,BIRTHDATE,NAME,PHONE,APILOGIN,AGREE,ADMIN,ADDRESS2) values ('aaa111','ed02457b5c41d964dbd2f2a609d63fe1bb7528dbe55e1abf5b52c249cd735797','abc@abc.com','sdf',to_date('99/01/01','RR/MM/DD'),'ㄴㅇㄹ','010-0000-0000','0','0','0',null);
Insert into MEMBER (USERID,PASSWORD,EMAIL,ADDRESS,BIRTHDATE,NAME,PHONE,APILOGIN,AGREE,ADMIN,ADDRESS2) values ('ehdgusdldo@gmail.com','47ef20207489b775fa4cdcac3c394b517ab22d7460237ae3df1ac0e8963699d6','ehdgusdldo@gmail.com','경기 김포시 검단로 883',to_date('93/12/31','RR/MM/DD'),'백동현','010-1234-5678','0','0','0','하이하이');
Insert into MEMBER (USERID,PASSWORD,EMAIL,ADDRESS,BIRTHDATE,NAME,PHONE,APILOGIN,AGREE,ADMIN,ADDRESS2) values ('ppap','96cae35ce8a9b0244178bf28e4966c2ce1b8385723a96a6b838858cdd6ca0a1e','abcd@avcd.com',null,to_date('19/01/30','RR/MM/DD'),'펜파인애플애플펜','010-1111-1111','0','0','0',null);
Insert into MEMBER (USERID,PASSWORD,EMAIL,ADDRESS,BIRTHDATE,NAME,PHONE,APILOGIN,AGREE,ADMIN,ADDRESS2) values ('admin','96cae35ce8a9b0244178bf28e4966c2ce1b8385723a96a6b838858cdd6ca0a1e','afjojiwef@aosdf.com',null,to_date('19/10/14','RR/MM/DD'),'관리자','010-1234-1234','0','1','1',null);
Insert into MEMBER (USERID,PASSWORD,EMAIL,ADDRESS,BIRTHDATE,NAME,PHONE,APILOGIN,AGREE,ADMIN,ADDRESS2) values ('popo','3ea87a56da3844b420ec2925ae922bc731ec16a4fc44dcbeafdad49b0e61d39c','sjfols@jdslkfj.com','서울 강서구 강서로 지하 54',to_date('00/01/11','RR/MM/DD'),'ㅇ아','000-0000-0000','0','0','0','ㅇㄹㅇㄹ');
Insert into MEMBER (USERID,PASSWORD,EMAIL,ADDRESS,BIRTHDATE,NAME,PHONE,APILOGIN,AGREE,ADMIN,ADDRESS2) values ('tester9','96cae35ce8a9b0244178bf28e4966c2ce1b8385723a96a6b838858cdd6ca0a1e','jung4102@naver.com','서울 강서구 강서로 375',to_date('99/01/01','RR/MM/DD'),'테스터','010-1234-1234','0','1','0','마곡동1');
Insert into MEMBER (USERID,PASSWORD,EMAIL,ADDRESS,BIRTHDATE,NAME,PHONE,APILOGIN,AGREE,ADMIN,ADDRESS2) values ('test000','96cae35ce8a9b0244178bf28e4966c2ce1b8385723a96a6b838858cdd6ca0a1e','jung41002@gmail.com',null,to_date('91/04/10','RR/MM/DD'),'정민영','010-0000-0000','0','0','0',null);
Insert into MEMBER (USERID,PASSWORD,EMAIL,ADDRESS,BIRTHDATE,NAME,PHONE,APILOGIN,AGREE,ADMIN,ADDRESS2) values ('test22','4d4f26369171994f3a46776ee2d88494fb9955800a5bb6261c016c4bb9f30b56','abc111@abc.com',null,to_date('94/01/01','RR/MM/DD'),'컴퓨터','010-4444-4444','0','0','0',null);
Insert into MEMBER (USERID,PASSWORD,EMAIL,ADDRESS,BIRTHDATE,NAME,PHONE,APILOGIN,AGREE,ADMIN,ADDRESS2) values ('tester111','96cae35ce8a9b0244178bf28e4966c2ce1b8385723a96a6b838858cdd6ca0a1e','star11@naver.com','경기 성남시 분당구 판교역로 235',to_date('99/01/01','RR/MM/DD'),'정만영','010-1111-2222','0','1','0','1111');
Insert into MEMBER (USERID,PASSWORD,EMAIL,ADDRESS,BIRTHDATE,NAME,PHONE,APILOGIN,AGREE,ADMIN,ADDRESS2) values ('naver1','96cae35ce8a9b0244178bf28e4966c2ce1b8385723a96a6b838858cdd6ca0a1e','olyyl01221@naver.com',null,to_date('91/11/11','RR/MM/DD'),'박소윤쨩','010-0000-0000','0','1','0',null);
Insert into MEMBER (USERID,PASSWORD,EMAIL,ADDRESS,BIRTHDATE,NAME,PHONE,APILOGIN,AGREE,ADMIN,ADDRESS2) values ('tester1','96cae35ce8a9b0244178bf28e4966c2ce1b8385723a96a6b838858cdd6ca0a1e','jung4102@naver.com','서울 강서구 강서로 375',to_date('99/01/01','RR/MM/DD'),'테스터','010-1234-1234','0','1','0','마곡동1');
Insert into MEMBER (USERID,PASSWORD,EMAIL,ADDRESS,BIRTHDATE,NAME,PHONE,APILOGIN,AGREE,ADMIN,ADDRESS2) values ('tester222','96cae35ce8a9b0244178bf28e4966c2ce1b8385723a96a6b838858cdd6ca0a1e','star@naver.com','서울시 강서구 화곡동',to_date('91/01/01','RR/MM/DD'),'테스터','010-0012-1234','0','1','0',null);
REM INSERTING into MOVIE
SET DEFINE OFF;
Insert into MOVIE (MOVIE_PK,M_TITLE,M_TITLE_ENG,MAINPOST_IMG,PLOT,RUNNINGTIME,GENRE,WATCHGRADE,OPENDATE,DIRECTOR,ACTORS,SCORE_AVG,RESERVATION_RATE,TRAILER) values (3,'장사리 : 잊혀진 영웅들','Battle of Jangsari','images/Jangsari.jpg','인천상륙작전 D-1<br>
 ‘이명준’ 대위가 이끄는 유격대와 전투 경험이 없는 학도병들을 태운 문산호는<br>
 인천상륙작전의 양동작전인 장사상륙작전을 위해 장사리로 향한다.<br>
 평균나이 17세, 훈련기간 단 2주에 불과했던 772명 학도병들이<br>
 악천후 속에서 소나기처럼 쏟아지는 총알을 맞으며 상륙을 시도하는데…<br>','123분','스릴러','15세 관람가',to_date('19/10/02','RR/MM/DD'),'토드 필립스',2,8.75,49.74,'<iframe width="1280" height="720" src="https://www.youtube.com/embed/07a_aYodeYA" frameborder="0" allow="accelerometer; autoplay; encrypted-media; gyroscope; picture-in-picture" allowfullscreen></iframe>');
Insert into MOVIE (MOVIE_PK,M_TITLE,M_TITLE_ENG,MAINPOST_IMG,PLOT,RUNNINGTIME,GENRE,WATCHGRADE,OPENDATE,DIRECTOR,ACTORS,SCORE_AVG,RESERVATION_RATE,TRAILER) values (5,'퍼펙트맨','Man of Men','images/perfectPos.jpg','“이렇게 살다 죽으면 12억, 사고로 죽으면 27억!<br>
내 일 도와주면 사망보험금 니 앞으로 해줄게”<br>
<br>
퍼펙트한 인생을 위해 한탕을 꿈꾸는 건달 ‘영기’(조진웅)<br>
 조직 보스의 돈 7억을 빼돌려 주식에 투자하지만, 사기꾼에게 속아 주식은 휴지조각이 되고 만다.<br>
 목숨을 부지하기 위해 어떻게든 7억을 구해야 하는 영기 앞에<br>
 까칠한 로펌 대표 ‘장수’(설경구)가 나타난다.<br>
 <br>
 두 달 시한부 ‘장수’는 자신이 해야 할 일들을 도와주는 조건으로<br>
 영기에게 자신의 사망보험금을 내건 빅딜을 제안하는데…<br>
 <br>
 돈 쫌 많은 로펌 대표와 폼 쫌 잡는 꼴통 건달<br>
 퍼펙트하게 다른 두 남자의 인생 최대 반전이 시작된다.<br>

제작노트 보기','116분','코미디','15세 관람가',to_date('19/10/02','RR/MM/DD'),'용수',4,8.64,21.85,'
<iframe width="1280" height="720" src="https://www.youtube.com/embed/gH6BVcn6Sbg" frameborder="0" allow="accelerometer; autoplay; encrypted-media; gyroscope; picture-in-picture" allowfullscreen></iframe>
');
Insert into MOVIE (MOVIE_PK,M_TITLE,M_TITLE_ENG,MAINPOST_IMG,PLOT,RUNNINGTIME,GENRE,WATCHGRADE,OPENDATE,DIRECTOR,ACTORS,SCORE_AVG,RESERVATION_RATE,TRAILER) values (7,'말레피센트2','Maleficent','images/Male_pos.jpg','동화는 끝났다!<br>
두 세계의 운명을 건 가장 사악한 전쟁이 시작된다!<br>
강력한 어둠의 지배자이자 무어스 숲의 수호자 ‘말레피센트’는<br>
딸처럼 돌봐온 ‘오로라’와 ‘필립 왕자’의 결혼 약속으로 인간 세계의<br>
 ‘잉그리스 왕비’와 대립하게 된다.<br>
 이에 요정과 인간의 오랜 연합이 깨지고 숨겨진 요정 종족 다크페이의 <br>
리더 ‘코널’까지 등장하면서 두 세계는 피할 수 없는 거대한 전쟁에 휘말리게 되는데…..<br>','119분','판타지','12세 관람가',to_date('19/10/17','RR/MM/DD'),'요아킴 뢰닝',2,9.27,13.26,'<iframe width="1062" height="597" src="https://www.youtube.com/embed/sH8JRq6k7cY" frameborder="0" allow="accelerometer; autoplay; encrypted-media; gyroscope; picture-in-picture" allowfullscreen></iframe>');
Insert into MOVIE (MOVIE_PK,M_TITLE,M_TITLE_ENG,MAINPOST_IMG,PLOT,RUNNINGTIME,GENRE,WATCHGRADE,OPENDATE,DIRECTOR,ACTORS,SCORE_AVG,RESERVATION_RATE,TRAILER) values (9,'조커','Joker','images/JokerPos.jpg','“내 인생이 비극인줄 알았는데, 코미디였어”<br>
<br>
고담시의 광대 아서 플렉은 코미디언을 꿈꾸는 남자.<br>
 하지만 모두가 미쳐가는 코미디 같은 세상에서<br>
 맨 정신으로는 그가 설 자리가 없음을 깨닫게 되는데…<br>
 이제껏 본 적 없는 진짜 ‘조커’를 만나라!<br>','2분','스릴러','15세 관람가',to_date('19/10/02','RR/MM/DD'),'토드 필립스',2,8.75,9.74,'
<iframe width="1280" height="720" src="https://www.youtube.com/embed/1agI8LlEgW0" frameborder="0" allow="accelerometer; autoplay; encrypted-media; gyroscope; picture-in-picture" allowfullscreen></iframe>
');
Insert into MOVIE (MOVIE_PK,M_TITLE,M_TITLE_ENG,MAINPOST_IMG,PLOT,RUNNINGTIME,GENRE,WATCHGRADE,OPENDATE,DIRECTOR,ACTORS,SCORE_AVG,RESERVATION_RATE,TRAILER) values (11,'벌새','House of Hummingbird','images/bird_pos.jpg','나는 이 세계가 궁금했다
<br>
1994년, 알 수 없는 거대한 세계와 마주한 14살 ‘은희’의
<br>','138분','드라마','15세 관람가',to_date('19/08/29','RR/MM/DD'),'김보라',4,9.01,6.01,'<iframe width="1062" height="597" src="https://www.youtube.com/embed/c7mypsyhLfA" frameborder="0" allow="accelerometer; autoplay; encrypted-media; gyroscope; picture-in-picture" allowfullscreen></iframe>');
Insert into MOVIE (MOVIE_PK,M_TITLE,M_TITLE_ENG,MAINPOST_IMG,PLOT,RUNNINGTIME,GENRE,WATCHGRADE,OPENDATE,DIRECTOR,ACTORS,SCORE_AVG,RESERVATION_RATE,TRAILER) values (14,'감쪽같은 그녀','A Little Princess','images/littlepos.jpg','“초면에 실례하겠습니다~”<br>
 72살 나 홀로 라이프를 즐기는 ‘말순’ 할매의 인생에<br>
 듣도 보도 못한 손녀(?)가 나타났다!<br>
 <br>
 특기는 자수, 용돈 벌이는 그림 맞추기(?)<br>
 동네를 주름 잡으며 나 혼자 잘 살고 있던 ‘말순’ 할매 앞에<br>
 다짜고짜 자신을 손녀라고 소개하는 열두 살 ‘공주’가<br>
 갓난 동생 ‘진주’까지 업고 찾아온다.<br>
 <br>
 외모, 성격, 취향까지 모든 것이 극과 극인 ‘말순’과 ‘공주’는<br>
 티격태격 하루도 조용할 날 없이 지내지만,<br>
 필요한 순간엔 든든한 내 편이 되어주며 서로에게 특별한 존재가 되어간다.<br>
 하지만 ‘말순’은 시간이 갈수록 ‘공주’와의 동거생활이<br>
 아득하고 깜깜하게만 느껴지는데…<br>','104분','드라마','전체 관람가',to_date('19/11/27','RR/MM/DD'),'허인무',5,4.56,0,'<iframe width="879" height="494" src="https://www.youtube.com/embed/enoCppgASDs" frameborder="0" allow="accelerometer; autoplay; encrypted-media; gyroscope; picture-in-picture" allowfullscreen></iframe>');
Insert into MOVIE (MOVIE_PK,M_TITLE,M_TITLE_ENG,MAINPOST_IMG,PLOT,RUNNINGTIME,GENRE,WATCHGRADE,OPENDATE,DIRECTOR,ACTORS,SCORE_AVG,RESERVATION_RATE,TRAILER) values (15,'두 교황','The Two Popes','images/popes.jpg','자진 사임으로 바티칸을 뒤흔든 교황 베네딕토 16세와 그 뒤를 이은<br>
교황 프란치스코의 실화를 담은 이야기<br>','125분','드라마','15세 관람가',to_date('19/12/11','RR/MM/DD'),'페르난도 메이렐레스',5,10,0,'<iframe width="879" height="494" src="https://www.youtube.com/embed/fFssJ4FQ9zM" frameborder="0" allow="accelerometer; autoplay; encrypted-media; gyroscope; picture-in-picture" allowfullscreen></iframe>');
Insert into MOVIE (MOVIE_PK,M_TITLE,M_TITLE_ENG,MAINPOST_IMG,PLOT,RUNNINGTIME,GENRE,WATCHGRADE,OPENDATE,DIRECTOR,ACTORS,SCORE_AVG,RESERVATION_RATE,TRAILER) values (16,'캣츠','Cats','images/cats.jpg','전세계 최고의 뮤지컬 [캣츠]를 스크린으로 탄생시킨 올 겨울 최고의 뮤지컬 감동 대작','0분','뮤지컬, 드라마','미정',to_date('19/12/18','RR/MM/DD'),'톰 후퍼',5,9.88,0,'<iframe width="879" height="494" src="https://www.youtube.com/embed/wDWgyQLWKSs" frameborder="0" allow="accelerometer; autoplay; encrypted-media; gyroscope; picture-in-picture" allowfullscreen></iframe>');
Insert into MOVIE (MOVIE_PK,M_TITLE,M_TITLE_ENG,MAINPOST_IMG,PLOT,RUNNINGTIME,GENRE,WATCHGRADE,OPENDATE,DIRECTOR,ACTORS,SCORE_AVG,RESERVATION_RATE,TRAILER) values (19,'닥터 두리틀','Dolittle','images/Dolittle.jpg','특별한 능력을 가진 닥터 두리틀이 동물들과 함께<br>
놀라운 여행을 떠나는 판타지 어드벤처 블록버스터','0분','코미디, 가족','12세 관람가',to_date('20/01/19','RR/MM/DD'),'스티브 개건',5,0,0,'<iframe width="879" height="494" src="https://www.youtube.com/embed/k7jvmWo7Brc" frameborder="0" allow="accelerometer; autoplay; encrypted-media; gyroscope; picture-in-picture" allowfullscreen></iframe>');
Insert into MOVIE (MOVIE_PK,M_TITLE,M_TITLE_ENG,MAINPOST_IMG,PLOT,RUNNINGTIME,GENRE,WATCHGRADE,OPENDATE,DIRECTOR,ACTORS,SCORE_AVG,RESERVATION_RATE,TRAILER) values (8,'메기','Maggie','images/mgPos.jpg','“사람들은 왜 서로를 의심할까요?”<br>
이 곳은 마리아 사랑병원. 오늘은 민망한 엑스레이 사진 한 장으로 병원이 발칵 뒤집혔어요!<br>
 세상에! 저를 가장 좋아하는 간호사 윤영 씨는 소문의 주인공이 자신과 남자친구일지도<br>
 모른다고 의심하고 있어요<br>
 <br>
 과연 윤영 씨는 이 의심의 구덩이에서 빠져나올 수 있을까요?<br>
 <br>
 아, 제 소개가 늦었네요. 저는 메기입니다.<br>','89분','드라마, 미스터리','15세 관람가',to_date('19/09/26','RR/MM/DD'),'이옥섭',2,6.2,9.92,'<iframe width="1280" height="720" src="https://www.youtube.com/embed/-3vYg6ywqic" frameborder="0" allow="accelerometer; autoplay; encrypted-media; gyroscope; picture-in-picture" allowfullscreen></iframe>');
Insert into MOVIE (MOVIE_PK,M_TITLE,M_TITLE_ENG,MAINPOST_IMG,PLOT,RUNNINGTIME,GENRE,WATCHGRADE,OPENDATE,DIRECTOR,ACTORS,SCORE_AVG,RESERVATION_RATE,TRAILER) values (20,'스타워즈: 라이즈 오브 스카이워커','Star Wars: The Rise of Skywalker','images/StarWars.jpg','제공되는 줄거리가 존재하지 않습니다.','0분','액션, 모험, 판타지','12세 관람가',to_date('20/01/29','RR/MM/DD'),'J.J.에이브럼스',5,0,0,'<iframe width="879" height="494" src="https://www.youtube.com/embed/VZcF7VraHCk" frameborder="0" allow="accelerometer; autoplay; encrypted-media; gyroscope; picture-in-picture" allowfullscreen></iframe>');
Insert into MOVIE (MOVIE_PK,M_TITLE,M_TITLE_ENG,MAINPOST_IMG,PLOT,RUNNINGTIME,GENRE,WATCHGRADE,OPENDATE,DIRECTOR,ACTORS,SCORE_AVG,RESERVATION_RATE,TRAILER) values (21,'킹스맨: 퍼스트 에이전트','The King''s Man','images/kingsman.jpg','역사상 최악의 폭군들과 범죄자들이 모여 수백만 명을 학살하기 위한<br>
 전쟁을 모의하는 급박한 상황 속, 그들을 막아야 하는 한 사람이 있다.<br>
 <br>
 비밀에 쌓여 있던 독립 정보 기관 ‘킹스맨’의 탄생을 확인하라!','0분','액션, 모험','15세 관람가',to_date('20/02/19','RR/MM/DD'),'매튜 본',6,0,0,'<iframe width="879" height="365" src="https://www.youtube.com/embed/jCj2U-_Dr7c" frameborder="0" allow="accelerometer; autoplay; encrypted-media; gyroscope; picture-in-picture" allowfullscreen></iframe>');
Insert into MOVIE (MOVIE_PK,M_TITLE,M_TITLE_ENG,MAINPOST_IMG,PLOT,RUNNINGTIME,GENRE,WATCHGRADE,OPENDATE,DIRECTOR,ACTORS,SCORE_AVG,RESERVATION_RATE,TRAILER) values (22,'버즈 오브 프레이(할리퀸의 황홀한 해방)','BIRDS OF PREY','images/PREY.jpg','제공되는 줄거리가 존재하지 않습니다.','0분','액션, 모험, 범죄','미정',to_date('20/02/21','RR/MM/DD'),'케티 얀',7,0,0,'<iframe width="879" height="494" src="https://www.youtube.com/embed/EJymXBTCt28" frameborder="0" allow="accelerometer; autoplay; encrypted-media; gyroscope; picture-in-picture" allowfullscreen></iframe>');
Insert into MOVIE (MOVIE_PK,M_TITLE,M_TITLE_ENG,MAINPOST_IMG,PLOT,RUNNINGTIME,GENRE,WATCHGRADE,OPENDATE,DIRECTOR,ACTORS,SCORE_AVG,RESERVATION_RATE,TRAILER) values (1,'82년생 김지영','KIM JI-YOUNG, BORN 1982','images/KJIYOUNG_pos.jpg','1982년 봄에 태어나
<br>
누군가의 딸이자 아내, 동료이자 엄마로<br>
<br>
 2019년 오늘을 살아가는 ‘지영’(정유미).<br>
 때론 어딘가 갇힌 듯 답답하기도 하지만<br>

 남편 ‘대현’(공유)과 사랑스러운 딸,<br>
 그리고 자주 만나지 못해도 항상 든든한 가족들이 ‘지영’에겐 큰 힘이다.<br>
 
</br>
 하지만 언젠가부터 마치 다른 사람이 된 것처럼 말하는 ‘지영’.
</br>
 ‘대현’은 아내가 상처 입을까 두려워 그 사실을 털어놓지 못하고</br>
 ‘지영’은 이런 ‘대현’에게 언제나 “괜찮다”라며 웃어 보이기만 하는데…
</br>
 
</br>
 모두가 알지만 아무도 몰랐던
</br>
 당신과 나의 이야기</br>','118분','드라마','12세 관람가',to_date('19/10/23','RR/MM/DD'),'김도영',2,9.52,52.48,'<iframe width="879" height="494" src="https://www.youtube.com/embed/Gz0ZeY1U4vY" frameborder="0" allow="accelerometer; autoplay; encrypted-media; gyroscope; picture-in-picture" allowfullscreen></iframe>');
Insert into MOVIE (MOVIE_PK,M_TITLE,M_TITLE_ENG,MAINPOST_IMG,PLOT,RUNNINGTIME,GENRE,WATCHGRADE,OPENDATE,DIRECTOR,ACTORS,SCORE_AVG,RESERVATION_RATE,TRAILER) values (10,'람보 : 라스트 워','Rambo: Last Blood','images/rambo_pos.jpg','36년간 수많은 전쟁터의 중심에서 치열하게 싸운 ''존 람보''<br>
 지옥 같은 전쟁 트라우마에서 벗어나<br>
 평화로운 시간을 보내는 것도 잠시,<br>
 딸처럼 여겼던 옆집 소녀가 멕시코 카르텔에게 납치된다.<br>
 <br>
 뼛속 깊이 각인되어 있던 그의 본능이 다시 깨어난다!<br>
 <br>
 ‘람보’는 자신의 전투 본능과 살인 무기를 총동원해<br>
 자비 없이 적들을 처단하기 시작하는데...<br>
 <br>
 살아있는 액션 마스터 ''람보''의 귀환<br>
 그의 마지막 전쟁이 시작된다!<br>','101분','액션','청소년 관람불가',to_date('19/10/23','RR/MM/DD'),'애드리언 그런버그',3,8.17,8.44,'<iframe width="1062" height="597" src="https://www.youtube.com/embed/cOxYjISc9tI" frameborder="0" allow="accelerometer; autoplay; encrypted-media; gyroscope; picture-in-picture" allowfullscreen></iframe>');
Insert into MOVIE (MOVIE_PK,M_TITLE,M_TITLE_ENG,MAINPOST_IMG,PLOT,RUNNINGTIME,GENRE,WATCHGRADE,OPENDATE,DIRECTOR,ACTORS,SCORE_AVG,RESERVATION_RATE,TRAILER) values (2,'나쁜 녀석들','THE BAD GUYS','images/82110170617_727.jpg','죄수들이 탈출했다!<br>
 교도소 호송차량이 전복되고 최악의 범죄자들이 탈주하는 사상 초유의 사건이 발생한다.<br>
 이에 경찰은 수감 중인 범죄자가 흉악범을 잡는 극비 프로젝트인 ‘특수범죄수사과’를 다시 소집한다.<br>
 <br>
 미친개... 다시 풉시다!<br>
 ‘오구탁’(김상중) 반장은 과거 함께 활약했던 전설의 주먹 ‘박웅철’(마동석)을 찾아가고,<br>
 감성 사기꾼 ‘곽노순’(김아중)과 전직 형사 ‘고유성’(장기용)을 영입해 새로운 팀을 구성한다.<br>
 <br>
 새로운 멤버들이 합류해 더욱 강력하고 치밀하고 독해진 나쁜 녀석들.<br>
 이 사건을 파헤칠수록 배후에 거대한 범죄조직이 있다는 것을 직감한 그들은<br>
 더 나쁜 놈들을 소탕하기 위해 움직이기 시작하는데…<br>
 <br>
 나쁜 녀석들의 법 없는 검거작전!<br>
 놈들처럼 생각하고 놈들처럼 행동할 그들이 온다!','114분','범죄, 액션','15세 관람가',to_date('19/09/11','RR/MM/DD'),'손용호',1,8.37,51.04,'
<iframe width="1280" height="720" src="https://www.youtube.com/embed/1OJZSa5258A" frameborder="0" allow="accelerometer; autoplay; encrypted-media; gyroscope; picture-in-picture" allowfullscreen></iframe>
');
Insert into MOVIE (MOVIE_PK,M_TITLE,M_TITLE_ENG,MAINPOST_IMG,PLOT,RUNNINGTIME,GENRE,WATCHGRADE,OPENDATE,DIRECTOR,ACTORS,SCORE_AVG,RESERVATION_RATE,TRAILER) values (12,'잃어버린 세계를 찾아서','Gemini Man','images/worldPos.jpg','“저기… 제 가족을 좀 찾아 주시겠어요?”<br>
예티, 빅풋, 사스콰치라 불리는 전설의 동물<br>
 유일하게 살아남은 ‘Mr. 링크’는 지구 반 바퀴 너머에 있는<br>
 일명 잃어버린 세계 ‘샹그릴라’에서 동족의 흔적이 발견됐다는 사실을 알게 된다.<br>
 <br>
 한편, 자칭 세계 최고의 탐험가라 주장하는 ‘라이오넬’<br>
 전설의 동물 ‘빅풋’을 목격했다는 편지 한 통을 받고 북아메리카로 향한다.<br>
 그리고 진짜로 만나게 된 전설의 동물은… 바로 ‘Mr. 링크’!<br>
 <br>
 오랜 시간 숨어 살아온 ‘링크’에게는<br>
 가족을 찾기 위해 탐험가 ‘라이오넬’의 도움이 절실한 상황!<br>
 우여곡절 끝에 둘은 함께 모험을 떠나게 되는데…<br>
 <br>
 미국 찍고! 유럽 돌고! 아시아 넘어!<br>
 링크와 라이오넬의 스펙터클! 글로벌 어드벤처가 시작된다!<br>','95분','애니메이션, 모험','전체 관람가',to_date('19/10/09','RR/MM/DD'),'크리스 버틀러',5,8.25,3.45,'<iframe width="1280" height="720" src="https://www.youtube.com/embed/yXAE6Fui8_A" frameborder="0" allow="accelerometer; autoplay; encrypted-media; gyroscope; picture-in-picture" allowfullscreen></iframe>');
Insert into MOVIE (MOVIE_PK,M_TITLE,M_TITLE_ENG,MAINPOST_IMG,PLOT,RUNNINGTIME,GENRE,WATCHGRADE,OPENDATE,DIRECTOR,ACTORS,SCORE_AVG,RESERVATION_RATE,TRAILER) values (13,'얼굴없는 보스','Unalterable','images/facelesspos.jpg','건달을 하지 않았다면, 우리는 행복할 수 있었을까?<br>
건달이 되면 멋진 남자로서 폼 나는 삶을 살 수 있을 거란 일념으로,<br>
 배신한 선배를 물러나게 하고 마침내 보스의 자리까지 오른 ‘상곤’.<br>
 하지만 그 일로 선배를 제낀 후배라는 오명을 쓰게 된다.<br>
 형제보다 사랑하는 동생들과 의리를 맹세하고<br>
 목숨보다 사랑하는 그녀와 행복까지 꿈꾸지만<br>
 매일매일 피바람이 불어대는 지옥과 같은 이 곳에는<br>
 건달들의 낭만 따위는 사치처럼 보이는데…<br>
 건달들이 개입된 음모와 얽히고설킨 배신 속, 가족과 동생들까지<br>
 점점 더 모든 것을 잃을 위기에 처하는 ‘상곤’.<br>
 그가 마지막까지 지키고자 했던 것은 무엇이었을까?<br>','114분','느와르, 드라마','15세 관람가',to_date('19/11/30','RR/MM/DD'),'송창용',5,2.35,0,'<iframe width="879" height="494" src="https://www.youtube.com/embed/-aXmHBclH2w" frameborder="0" allow="accelerometer; autoplay; encrypted-media; gyroscope; picture-in-picture" allowfullscreen></iframe>');
Insert into MOVIE (MOVIE_PK,M_TITLE,M_TITLE_ENG,MAINPOST_IMG,PLOT,RUNNINGTIME,GENRE,WATCHGRADE,OPENDATE,DIRECTOR,ACTORS,SCORE_AVG,RESERVATION_RATE,TRAILER) values (18,'하나님과의 인터뷰','An Interview with God','images/interview.jpg','어느 날, 당신에게 ‘그’가 찾아온다면, 무엇을 묻겠습니까?<br>
아프가니스탄에서의 종군 생활을 마치고 돌아온 ‘폴’(브렌튼 스웨이츠).<br>
 그는 전장에서의 괴로운 기억과 어긋나버린 아내와의 관계로 점차 삶에 지쳐간다.<br>
 그러던 어느 날 ‘폴’은 자신이 신이라고 주장하는 ‘남자’와 세 번의 인터뷰를 약속하게 되고,<br>
 자신이 말한 적 없는 비밀까지 모두 알고 있는 그와의 대화로 인해 점점 더 혼란에 빠지게 된다.<br>
 한편 ‘남자’는 ‘폴’에게 “자네에겐 시간이 얼마 남지 않았네”라는 의미심장한 말을 건네는데…<br>
 모든 것이 무너지는 순간 선물처럼 찾아온 그와의 인터뷰를 통해 ‘폴’이 발견한 놀라운 진실은 과연 무엇일까?<br>','97분','드라마, 미스터리','전체 관람가',to_date('19/12/19','RR/MM/DD'),'페리 랑',5,6.07,0,'<iframe width="879" height="494" src="https://www.youtube.com/embed/4EVjnoj5NQE" frameborder="0" allow="accelerometer; autoplay; encrypted-media; gyroscope; picture-in-picture" allowfullscreen></iframe>');
Insert into MOVIE (MOVIE_PK,M_TITLE,M_TITLE_ENG,MAINPOST_IMG,PLOT,RUNNINGTIME,GENRE,WATCHGRADE,OPENDATE,DIRECTOR,ACTORS,SCORE_AVG,RESERVATION_RATE,TRAILER) values (4,'가장 보통의 연애','Crazy Romance','images/crazyRomancePos.jpg','전 여친에 상처받은 ‘재훈’(김래원).<br>
여느 때처럼 숙취로 시작한 아침,<br>
모르는 번호의 누군가와 밤새 2시간이나 통화한 기록을 발견하게 되고<br>
그 상대가 바로! 통성명한 지 24시간도 채 되지 않은 직장 동료 ‘선영’임을 알게 된다.<br>
<br>
남친과 뒤끝 있는 이별 중인 ‘선영’(공효진).<br>
새로운 회사로 출근한 첫날, 할 말 못 할 말 쏟아내며 남친과 헤어지던 현장에서<br>
하필이면! 같은 직장의 ‘재훈’을 마주친다.<br>
<br>
만난 지 하루 만에 일보다 서로의 연애사를 더 잘 알게 된 두 사람.<br>
하지만 미묘한 긴장과 어색함도 잠시<br>
‘한심하다’, ‘어이없다’ 부딪히면서도 마음이 쓰이는 건 왜 그럴까?<br>','109분','로맨스','15세 관람가',to_date('19/10/02','RR/MM/DD'),'김한결',3,7.26,28.51,'
<iframe width="1280" height="720" src="https://www.youtube.com/embed/0uC2FaZ4h1I" frameborder="0" allow="accelerometer; autoplay; encrypted-media; gyroscope; picture-in-picture" allowfullscreen></iframe>
');
Insert into MOVIE (MOVIE_PK,M_TITLE,M_TITLE_ENG,MAINPOST_IMG,PLOT,RUNNINGTIME,GENRE,WATCHGRADE,OPENDATE,DIRECTOR,ACTORS,SCORE_AVG,RESERVATION_RATE,TRAILER) values (6,'제미니맨','Gemini Man','images/geminiPos.jpg','전설로 불리는 요원<br>
그를 뛰어넘을 단 한 사람이 추격을 시작 했다!<br>
최강의 요원 헨리(윌 스미스)는 자신과 완벽하게 닮은 의문의 요원(윌 스미스)에게 맹렬한 추격을 당한다.<br>
 한편 헨리와 이제 막 동료가 된 대니(메리 엘리자베스 윈스티드), 헨리의 오랜 동료 배런(베네딕트 웡)은 의문의 요원에게<br>
 이상한 낌새를 느끼고 정체를 파헤치기 시작하고, 그가 헨리의 DNA를 추출해 탄생한 ‘제미니 프로젝트’ 요원임을 알게 된다.<br>
 헨리의 전성기와 너무나 완벽하게 닮은 한 사람을 만나 충격에 빠지는 헨리와 동료들. 그들은 ‘제미니 프로젝트’를 파괴하기 위한 작전을 시작하는데…<br>','117분','SF, 액션','12세 관람가',to_date('19/10/09','RR/MM/DD'),'이안',5,9.05,18.03,'
<iframe width="1280" height="720" src="https://www.youtube.com/embed/fUWGdefH6w0" frameborder="0" allow="accelerometer; autoplay; encrypted-media; gyroscope; picture-in-picture" allowfullscreen></iframe>
');
Insert into MOVIE (MOVIE_PK,M_TITLE,M_TITLE_ENG,MAINPOST_IMG,PLOT,RUNNINGTIME,GENRE,WATCHGRADE,OPENDATE,DIRECTOR,ACTORS,SCORE_AVG,RESERVATION_RATE,TRAILER) values (17,'쥬만지: 넥스트 레벨','Jumanji: The Next Level','images/Jumanji.jpg','진화된 게임, 주어진 목숨은 3개! 사라진 친구를 찾아 반드시 탈출하라!<br>
<br>
쥬만지 게임으로부터 가까스로 탈출해 평화로운 일상을 보내고 있었던 스펜서와 친구들.<br>
어느 날, 스펜서는 망가져버린 쥬만지 게임 속으로 사라지고 그를 찾기 위해 친구들은 다시 위험천만한 게임 속으로 들어간다.<br>
우연히 함께 빨려 들어간 스펜서의 할아버지 에디&마일로와 랜덤으로 선택된 새로운 아바타가 된 이들은 정글부터 설산, 사막까지 한층 진화된 예측 불가능한 게임 속에서 목숨을 건 미션을 수행하게 되는데......<br>
주어진 3번의 목숨 안에 친구들은 스펜서를 찾아 무사히 현실로 돌아올 수 있을까?<br>','138분','액션, 모험, 코미디','15세 관람가',to_date('19/12/29','RR/MM/DD'),'제이크 캐스단',5,7.2,0,'<iframe width="879" height="494" src="https://www.youtube.com/embed/8zg4oG1JzGA" frameborder="0" allow="accelerometer; autoplay; encrypted-media; gyroscope; picture-in-picture" allowfullscreen></iframe>');
REM INSERTING into RESERVATION
SET DEFINE OFF;
Insert into RESERVATION (RESERVATION_PK,USERID,SCR_PK_NO,IS_ACTIVE,IS_PAID,RESERVE_DATE,CANCLE_DATE,PAYMENT,KAKAOUSERID,RESV_NUM) values (828,'tester1',209,1,1,to_date('19/11/04','RR/MM/DD'),null,1,null,'099-7447-2666-8');
Insert into RESERVATION (RESERVATION_PK,USERID,SCR_PK_NO,IS_ACTIVE,IS_PAID,RESERVE_DATE,CANCLE_DATE,PAYMENT,KAKAOUSERID,RESV_NUM) values (703,'tester1',149,1,0,to_date('19/11/01','RR/MM/DD'),to_date('19/11/01','RR/MM/DD'),1,null,'099-5205-2679-7');
Insert into RESERVATION (RESERVATION_PK,USERID,SCR_PK_NO,IS_ACTIVE,IS_PAID,RESERVE_DATE,CANCLE_DATE,PAYMENT,KAKAOUSERID,RESV_NUM) values (704,'tester1',150,1,0,to_date('19/11/01','RR/MM/DD'),to_date('19/11/01','RR/MM/DD'),1,null,'099-5477-9438-8');
Insert into RESERVATION (RESERVATION_PK,USERID,SCR_PK_NO,IS_ACTIVE,IS_PAID,RESERVE_DATE,CANCLE_DATE,PAYMENT,KAKAOUSERID,RESV_NUM) values (705,'tester1',151,1,1,to_date('19/11/01','RR/MM/DD'),null,1,null,'099-7409-5875-7');
Insert into RESERVATION (RESERVATION_PK,USERID,SCR_PK_NO,IS_ACTIVE,IS_PAID,RESERVE_DATE,CANCLE_DATE,PAYMENT,KAKAOUSERID,RESV_NUM) values (706,'tester1',152,1,1,to_date('19/11/01','RR/MM/DD'),null,1,null,'099-3143-8052-6');
Insert into RESERVATION (RESERVATION_PK,USERID,SCR_PK_NO,IS_ACTIVE,IS_PAID,RESERVE_DATE,CANCLE_DATE,PAYMENT,KAKAOUSERID,RESV_NUM) values (707,'tester1',147,1,1,to_date('19/11/01','RR/MM/DD'),null,1,null,'099-2147-1614-6');
Insert into RESERVATION (RESERVATION_PK,USERID,SCR_PK_NO,IS_ACTIVE,IS_PAID,RESERVE_DATE,CANCLE_DATE,PAYMENT,KAKAOUSERID,RESV_NUM) values (714,'ehdgusdldo@gmail.com',146,1,0,to_date('19/11/01','RR/MM/DD'),to_date('19/11/01','RR/MM/DD'),1,null,'099-5448-4639-3');
Insert into RESERVATION (RESERVATION_PK,USERID,SCR_PK_NO,IS_ACTIVE,IS_PAID,RESERVE_DATE,CANCLE_DATE,PAYMENT,KAKAOUSERID,RESV_NUM) values (713,'ehdgusdldo@gmail.com',149,1,1,to_date('19/11/01','RR/MM/DD'),null,1,null,'099-2746-5447-5');
Insert into RESERVATION (RESERVATION_PK,USERID,SCR_PK_NO,IS_ACTIVE,IS_PAID,RESERVE_DATE,CANCLE_DATE,PAYMENT,KAKAOUSERID,RESV_NUM) values (715,'tester1',149,1,1,to_date('19/11/01','RR/MM/DD'),null,1,null,'099-4733-6317-5');
Insert into RESERVATION (RESERVATION_PK,USERID,SCR_PK_NO,IS_ACTIVE,IS_PAID,RESERVE_DATE,CANCLE_DATE,PAYMENT,KAKAOUSERID,RESV_NUM) values (716,'ehdgusdldo@gmail.com',149,1,1,to_date('19/11/01','RR/MM/DD'),null,1,null,'099-8743-6288-6');
Insert into RESERVATION (RESERVATION_PK,USERID,SCR_PK_NO,IS_ACTIVE,IS_PAID,RESERVE_DATE,CANCLE_DATE,PAYMENT,KAKAOUSERID,RESV_NUM) values (726,'ppap',154,1,1,to_date('19/11/01','RR/MM/DD'),null,1,null,'099-8628-7352-1');
Insert into RESERVATION (RESERVATION_PK,USERID,SCR_PK_NO,IS_ACTIVE,IS_PAID,RESERVE_DATE,CANCLE_DATE,PAYMENT,KAKAOUSERID,RESV_NUM) values (720,'tester1',150,1,1,to_date('19/11/01','RR/MM/DD'),null,1,null,'099-5841-5924-7');
Insert into RESERVATION (RESERVATION_PK,USERID,SCR_PK_NO,IS_ACTIVE,IS_PAID,RESERVE_DATE,CANCLE_DATE,PAYMENT,KAKAOUSERID,RESV_NUM) values (725,'ppap',154,1,1,to_date('19/11/01','RR/MM/DD'),null,1,null,'099-1983-3327-7');
Insert into RESERVATION (RESERVATION_PK,USERID,SCR_PK_NO,IS_ACTIVE,IS_PAID,RESERVE_DATE,CANCLE_DATE,PAYMENT,KAKAOUSERID,RESV_NUM) values (729,'tester1',148,1,1,to_date('19/11/01','RR/MM/DD'),null,1,null,'099-9016-6448-3');
Insert into RESERVATION (RESERVATION_PK,USERID,SCR_PK_NO,IS_ACTIVE,IS_PAID,RESERVE_DATE,CANCLE_DATE,PAYMENT,KAKAOUSERID,RESV_NUM) values (728,'tester1',147,1,1,to_date('19/11/01','RR/MM/DD'),null,1,null,'099-8265-2780-6');
Insert into RESERVATION (RESERVATION_PK,USERID,SCR_PK_NO,IS_ACTIVE,IS_PAID,RESERVE_DATE,CANCLE_DATE,PAYMENT,KAKAOUSERID,RESV_NUM) values (730,'tester1',147,1,1,to_date('19/11/01','RR/MM/DD'),null,1,null,'099-5626-7738-6');
Insert into RESERVATION (RESERVATION_PK,USERID,SCR_PK_NO,IS_ACTIVE,IS_PAID,RESERVE_DATE,CANCLE_DATE,PAYMENT,KAKAOUSERID,RESV_NUM) values (781,'tester1',161,1,1,to_date('19/11/03','RR/MM/DD'),null,1,null,'099-3277-6782-2');
Insert into RESERVATION (RESERVATION_PK,USERID,SCR_PK_NO,IS_ACTIVE,IS_PAID,RESERVE_DATE,CANCLE_DATE,PAYMENT,KAKAOUSERID,RESV_NUM) values (732,'tester1',150,1,1,to_date('19/11/01','RR/MM/DD'),null,1,null,'099-1744-3359-1');
Insert into RESERVATION (RESERVATION_PK,USERID,SCR_PK_NO,IS_ACTIVE,IS_PAID,RESERVE_DATE,CANCLE_DATE,PAYMENT,KAKAOUSERID,RESV_NUM) values (801,'tester1',184,1,1,to_date('19/11/03','RR/MM/DD'),null,1,null,'099-4338-2476-7');
Insert into RESERVATION (RESERVATION_PK,USERID,SCR_PK_NO,IS_ACTIVE,IS_PAID,RESERVE_DATE,CANCLE_DATE,PAYMENT,KAKAOUSERID,RESV_NUM) values (822,'no11',149,1,1,to_date('19/11/04','RR/MM/DD'),null,1,null,'099-7129-3903-5');
Insert into RESERVATION (RESERVATION_PK,USERID,SCR_PK_NO,IS_ACTIVE,IS_PAID,RESERVE_DATE,CANCLE_DATE,PAYMENT,KAKAOUSERID,RESV_NUM) values (821,'tester1',201,1,1,to_date('19/11/04','RR/MM/DD'),null,1,null,'099-221-4479-1');
Insert into RESERVATION (RESERVATION_PK,USERID,SCR_PK_NO,IS_ACTIVE,IS_PAID,RESERVE_DATE,CANCLE_DATE,PAYMENT,KAKAOUSERID,RESV_NUM) values (825,'tester111',149,1,0,to_date('19/11/04','RR/MM/DD'),to_date('19/11/04','RR/MM/DD'),1,null,'099-2504-8180-6');
Insert into RESERVATION (RESERVATION_PK,USERID,SCR_PK_NO,IS_ACTIVE,IS_PAID,RESERVE_DATE,CANCLE_DATE,PAYMENT,KAKAOUSERID,RESV_NUM) values (824,'tester111',202,1,1,to_date('19/11/04','RR/MM/DD'),null,1,null,'099-541-9586-4');
Insert into RESERVATION (RESERVATION_PK,USERID,SCR_PK_NO,IS_ACTIVE,IS_PAID,RESERVE_DATE,CANCLE_DATE,PAYMENT,KAKAOUSERID,RESV_NUM) values (829,null,214,1,1,to_date('19/11/04','RR/MM/DD'),null,1,'hwang2000k@naver.com','099-6347-8827-3');
Insert into RESERVATION (RESERVATION_PK,USERID,SCR_PK_NO,IS_ACTIVE,IS_PAID,RESERVE_DATE,CANCLE_DATE,PAYMENT,KAKAOUSERID,RESV_NUM) values (827,'tester1',203,1,0,to_date('19/11/04','RR/MM/DD'),to_date('19/11/04','RR/MM/DD'),1,null,'099-9442-3385-7');
Insert into RESERVATION (RESERVATION_PK,USERID,SCR_PK_NO,IS_ACTIVE,IS_PAID,RESERVE_DATE,CANCLE_DATE,PAYMENT,KAKAOUSERID,RESV_NUM) values (830,'tester1',214,1,1,to_date('19/11/04','RR/MM/DD'),null,1,null,'099-9903-3899-2');
Insert into RESERVATION (RESERVATION_PK,USERID,SCR_PK_NO,IS_ACTIVE,IS_PAID,RESERVE_DATE,CANCLE_DATE,PAYMENT,KAKAOUSERID,RESV_NUM) values (831,'no11',205,1,1,to_date('19/11/04','RR/MM/DD'),null,1,null,'099-633-3306-1');
Insert into RESERVATION (RESERVATION_PK,USERID,SCR_PK_NO,IS_ACTIVE,IS_PAID,RESERVE_DATE,CANCLE_DATE,PAYMENT,KAKAOUSERID,RESV_NUM) values (832,'ppap',204,1,1,to_date('19/11/04','RR/MM/DD'),null,1,null,'099-4137-984-5');
Insert into RESERVATION (RESERVATION_PK,USERID,SCR_PK_NO,IS_ACTIVE,IS_PAID,RESERVE_DATE,CANCLE_DATE,PAYMENT,KAKAOUSERID,RESV_NUM) values (835,'no11',206,1,1,to_date('19/11/04','RR/MM/DD'),null,1,null,'099-7186-2634-3');
Insert into RESERVATION (RESERVATION_PK,USERID,SCR_PK_NO,IS_ACTIVE,IS_PAID,RESERVE_DATE,CANCLE_DATE,PAYMENT,KAKAOUSERID,RESV_NUM) values (834,null,203,1,1,to_date('19/11/04','RR/MM/DD'),null,1,'olyyl01221@naver.com','099-7495-4842-8');
Insert into RESERVATION (RESERVATION_PK,USERID,SCR_PK_NO,IS_ACTIVE,IS_PAID,RESERVE_DATE,CANCLE_DATE,PAYMENT,KAKAOUSERID,RESV_NUM) values (842,null,213,1,1,to_date('19/11/04','RR/MM/DD'),null,1,'olyyl01221@naver.com','099-6382-6765-2');
Insert into RESERVATION (RESERVATION_PK,USERID,SCR_PK_NO,IS_ACTIVE,IS_PAID,RESERVE_DATE,CANCLE_DATE,PAYMENT,KAKAOUSERID,RESV_NUM) values (841,'tester1',218,1,1,to_date('19/11/04','RR/MM/DD'),null,1,null,'099-600-2646-1');
REM INSERTING into RESERVEDSEAT
SET DEFINE OFF;
Insert into RESERVEDSEAT (RESERVEDSEAT_PK,SEAT_PK_NO,SCR_PK_NO,RESERVATION_PK_NO) values (573,2,209,828);
Insert into RESERVEDSEAT (RESERVEDSEAT_PK,SEAT_PK_NO,SCR_PK_NO,RESERVATION_PK_NO) values (574,3,209,828);
Insert into RESERVEDSEAT (RESERVEDSEAT_PK,SEAT_PK_NO,SCR_PK_NO,RESERVATION_PK_NO) values (408,1,149,703);
Insert into RESERVEDSEAT (RESERVEDSEAT_PK,SEAT_PK_NO,SCR_PK_NO,RESERVATION_PK_NO) values (409,2,149,703);
Insert into RESERVEDSEAT (RESERVEDSEAT_PK,SEAT_PK_NO,SCR_PK_NO,RESERVATION_PK_NO) values (410,13,150,704);
Insert into RESERVEDSEAT (RESERVEDSEAT_PK,SEAT_PK_NO,SCR_PK_NO,RESERVATION_PK_NO) values (411,1,151,705);
Insert into RESERVEDSEAT (RESERVEDSEAT_PK,SEAT_PK_NO,SCR_PK_NO,RESERVATION_PK_NO) values (412,1,152,706);
Insert into RESERVEDSEAT (RESERVEDSEAT_PK,SEAT_PK_NO,SCR_PK_NO,RESERVATION_PK_NO) values (413,2,152,706);
Insert into RESERVEDSEAT (RESERVEDSEAT_PK,SEAT_PK_NO,SCR_PK_NO,RESERVATION_PK_NO) values (414,3,152,706);
Insert into RESERVEDSEAT (RESERVEDSEAT_PK,SEAT_PK_NO,SCR_PK_NO,RESERVATION_PK_NO) values (415,4,152,706);
Insert into RESERVEDSEAT (RESERVEDSEAT_PK,SEAT_PK_NO,SCR_PK_NO,RESERVATION_PK_NO) values (416,5,152,706);
Insert into RESERVEDSEAT (RESERVEDSEAT_PK,SEAT_PK_NO,SCR_PK_NO,RESERVATION_PK_NO) values (417,6,152,706);
Insert into RESERVEDSEAT (RESERVEDSEAT_PK,SEAT_PK_NO,SCR_PK_NO,RESERVATION_PK_NO) values (418,7,152,706);
Insert into RESERVEDSEAT (RESERVEDSEAT_PK,SEAT_PK_NO,SCR_PK_NO,RESERVATION_PK_NO) values (419,8,147,707);
Insert into RESERVEDSEAT (RESERVEDSEAT_PK,SEAT_PK_NO,SCR_PK_NO,RESERVATION_PK_NO) values (435,14,146,714);
Insert into RESERVEDSEAT (RESERVEDSEAT_PK,SEAT_PK_NO,SCR_PK_NO,RESERVATION_PK_NO) values (433,10,149,713);
Insert into RESERVEDSEAT (RESERVEDSEAT_PK,SEAT_PK_NO,SCR_PK_NO,RESERVATION_PK_NO) values (434,10,146,714);
Insert into RESERVEDSEAT (RESERVEDSEAT_PK,SEAT_PK_NO,SCR_PK_NO,RESERVATION_PK_NO) values (436,30,146,714);
Insert into RESERVEDSEAT (RESERVEDSEAT_PK,SEAT_PK_NO,SCR_PK_NO,RESERVATION_PK_NO) values (437,34,146,714);
Insert into RESERVEDSEAT (RESERVEDSEAT_PK,SEAT_PK_NO,SCR_PK_NO,RESERVATION_PK_NO) values (438,22,149,715);
Insert into RESERVEDSEAT (RESERVEDSEAT_PK,SEAT_PK_NO,SCR_PK_NO,RESERVATION_PK_NO) values (439,1,149,716);
Insert into RESERVEDSEAT (RESERVEDSEAT_PK,SEAT_PK_NO,SCR_PK_NO,RESERVATION_PK_NO) values (440,2,149,716);
Insert into RESERVEDSEAT (RESERVEDSEAT_PK,SEAT_PK_NO,SCR_PK_NO,RESERVATION_PK_NO) values (441,3,149,716);
Insert into RESERVEDSEAT (RESERVEDSEAT_PK,SEAT_PK_NO,SCR_PK_NO,RESERVATION_PK_NO) values (442,4,149,716);
Insert into RESERVEDSEAT (RESERVEDSEAT_PK,SEAT_PK_NO,SCR_PK_NO,RESERVATION_PK_NO) values (443,8,149,716);
Insert into RESERVEDSEAT (RESERVEDSEAT_PK,SEAT_PK_NO,SCR_PK_NO,RESERVATION_PK_NO) values (444,9,149,716);
Insert into RESERVEDSEAT (RESERVEDSEAT_PK,SEAT_PK_NO,SCR_PK_NO,RESERVATION_PK_NO) values (445,15,149,716);
Insert into RESERVEDSEAT (RESERVEDSEAT_PK,SEAT_PK_NO,SCR_PK_NO,RESERVATION_PK_NO) values (446,16,149,716);
Insert into RESERVEDSEAT (RESERVEDSEAT_PK,SEAT_PK_NO,SCR_PK_NO,RESERVATION_PK_NO) values (451,1,150,720);
Insert into RESERVEDSEAT (RESERVEDSEAT_PK,SEAT_PK_NO,SCR_PK_NO,RESERVATION_PK_NO) values (457,4,154,725);
Insert into RESERVEDSEAT (RESERVEDSEAT_PK,SEAT_PK_NO,SCR_PK_NO,RESERVATION_PK_NO) values (458,1,154,726);
Insert into RESERVEDSEAT (RESERVEDSEAT_PK,SEAT_PK_NO,SCR_PK_NO,RESERVATION_PK_NO) values (455,2,154,725);
Insert into RESERVEDSEAT (RESERVEDSEAT_PK,SEAT_PK_NO,SCR_PK_NO,RESERVATION_PK_NO) values (456,3,154,725);
Insert into RESERVEDSEAT (RESERVEDSEAT_PK,SEAT_PK_NO,SCR_PK_NO,RESERVATION_PK_NO) values (462,11,148,729);
Insert into RESERVEDSEAT (RESERVEDSEAT_PK,SEAT_PK_NO,SCR_PK_NO,RESERVATION_PK_NO) values (460,24,147,728);
Insert into RESERVEDSEAT (RESERVEDSEAT_PK,SEAT_PK_NO,SCR_PK_NO,RESERVATION_PK_NO) values (461,4,148,729);
Insert into RESERVEDSEAT (RESERVEDSEAT_PK,SEAT_PK_NO,SCR_PK_NO,RESERVATION_PK_NO) values (463,12,148,729);
Insert into RESERVEDSEAT (RESERVEDSEAT_PK,SEAT_PK_NO,SCR_PK_NO,RESERVATION_PK_NO) values (464,18,148,729);
Insert into RESERVEDSEAT (RESERVEDSEAT_PK,SEAT_PK_NO,SCR_PK_NO,RESERVATION_PK_NO) values (465,4,148,729);
Insert into RESERVEDSEAT (RESERVEDSEAT_PK,SEAT_PK_NO,SCR_PK_NO,RESERVATION_PK_NO) values (466,11,148,729);
Insert into RESERVEDSEAT (RESERVEDSEAT_PK,SEAT_PK_NO,SCR_PK_NO,RESERVATION_PK_NO) values (467,12,148,729);
Insert into RESERVEDSEAT (RESERVEDSEAT_PK,SEAT_PK_NO,SCR_PK_NO,RESERVATION_PK_NO) values (468,18,148,729);
Insert into RESERVEDSEAT (RESERVEDSEAT_PK,SEAT_PK_NO,SCR_PK_NO,RESERVATION_PK_NO) values (469,1,147,730);
Insert into RESERVEDSEAT (RESERVEDSEAT_PK,SEAT_PK_NO,SCR_PK_NO,RESERVATION_PK_NO) values (470,2,147,730);
Insert into RESERVEDSEAT (RESERVEDSEAT_PK,SEAT_PK_NO,SCR_PK_NO,RESERVATION_PK_NO) values (471,3,147,730);
Insert into RESERVEDSEAT (RESERVEDSEAT_PK,SEAT_PK_NO,SCR_PK_NO,RESERVATION_PK_NO) values (482,26,150,732);
Insert into RESERVEDSEAT (RESERVEDSEAT_PK,SEAT_PK_NO,SCR_PK_NO,RESERVATION_PK_NO) values (483,28,150,732);
Insert into RESERVEDSEAT (RESERVEDSEAT_PK,SEAT_PK_NO,SCR_PK_NO,RESERVATION_PK_NO) values (484,29,150,732);
Insert into RESERVEDSEAT (RESERVEDSEAT_PK,SEAT_PK_NO,SCR_PK_NO,RESERVATION_PK_NO) values (485,31,150,732);
Insert into RESERVEDSEAT (RESERVEDSEAT_PK,SEAT_PK_NO,SCR_PK_NO,RESERVATION_PK_NO) values (523,9,161,781);
Insert into RESERVEDSEAT (RESERVEDSEAT_PK,SEAT_PK_NO,SCR_PK_NO,RESERVATION_PK_NO) values (521,1,161,781);
Insert into RESERVEDSEAT (RESERVEDSEAT_PK,SEAT_PK_NO,SCR_PK_NO,RESERVATION_PK_NO) values (522,2,161,781);
Insert into RESERVEDSEAT (RESERVEDSEAT_PK,SEAT_PK_NO,SCR_PK_NO,RESERVATION_PK_NO) values (524,10,161,781);
Insert into RESERVEDSEAT (RESERVEDSEAT_PK,SEAT_PK_NO,SCR_PK_NO,RESERVATION_PK_NO) values (480,15,150,732);
Insert into RESERVEDSEAT (RESERVEDSEAT_PK,SEAT_PK_NO,SCR_PK_NO,RESERVATION_PK_NO) values (481,24,150,732);
Insert into RESERVEDSEAT (RESERVEDSEAT_PK,SEAT_PK_NO,SCR_PK_NO,RESERVATION_PK_NO) values (525,17,161,781);
Insert into RESERVEDSEAT (RESERVEDSEAT_PK,SEAT_PK_NO,SCR_PK_NO,RESERVATION_PK_NO) values (526,18,161,781);
Insert into RESERVEDSEAT (RESERVEDSEAT_PK,SEAT_PK_NO,SCR_PK_NO,RESERVATION_PK_NO) values (527,25,161,781);
Insert into RESERVEDSEAT (RESERVEDSEAT_PK,SEAT_PK_NO,SCR_PK_NO,RESERVATION_PK_NO) values (528,26,161,781);
Insert into RESERVEDSEAT (RESERVEDSEAT_PK,SEAT_PK_NO,SCR_PK_NO,RESERVATION_PK_NO) values (541,11,184,801);
Insert into RESERVEDSEAT (RESERVEDSEAT_PK,SEAT_PK_NO,SCR_PK_NO,RESERVATION_PK_NO) values (561,4,201,821);
Insert into RESERVEDSEAT (RESERVEDSEAT_PK,SEAT_PK_NO,SCR_PK_NO,RESERVATION_PK_NO) values (562,24,149,822);
Insert into RESERVEDSEAT (RESERVEDSEAT_PK,SEAT_PK_NO,SCR_PK_NO,RESERVATION_PK_NO) values (563,25,149,822);
Insert into RESERVEDSEAT (RESERVEDSEAT_PK,SEAT_PK_NO,SCR_PK_NO,RESERVATION_PK_NO) values (564,26,149,822);
Insert into RESERVEDSEAT (RESERVEDSEAT_PK,SEAT_PK_NO,SCR_PK_NO,RESERVATION_PK_NO) values (565,27,149,822);
Insert into RESERVEDSEAT (RESERVEDSEAT_PK,SEAT_PK_NO,SCR_PK_NO,RESERVATION_PK_NO) values (566,28,149,822);
Insert into RESERVEDSEAT (RESERVEDSEAT_PK,SEAT_PK_NO,SCR_PK_NO,RESERVATION_PK_NO) values (567,2,202,824);
Insert into RESERVEDSEAT (RESERVEDSEAT_PK,SEAT_PK_NO,SCR_PK_NO,RESERVATION_PK_NO) values (568,3,202,824);
Insert into RESERVEDSEAT (RESERVEDSEAT_PK,SEAT_PK_NO,SCR_PK_NO,RESERVATION_PK_NO) values (569,4,202,824);
Insert into RESERVEDSEAT (RESERVEDSEAT_PK,SEAT_PK_NO,SCR_PK_NO,RESERVATION_PK_NO) values (570,6,149,825);
Insert into RESERVEDSEAT (RESERVEDSEAT_PK,SEAT_PK_NO,SCR_PK_NO,RESERVATION_PK_NO) values (575,2,214,829);
Insert into RESERVEDSEAT (RESERVEDSEAT_PK,SEAT_PK_NO,SCR_PK_NO,RESERVATION_PK_NO) values (572,21,203,827);
Insert into RESERVEDSEAT (RESERVEDSEAT_PK,SEAT_PK_NO,SCR_PK_NO,RESERVATION_PK_NO) values (576,3,214,829);
Insert into RESERVEDSEAT (RESERVEDSEAT_PK,SEAT_PK_NO,SCR_PK_NO,RESERVATION_PK_NO) values (577,4,214,830);
Insert into RESERVEDSEAT (RESERVEDSEAT_PK,SEAT_PK_NO,SCR_PK_NO,RESERVATION_PK_NO) values (578,35,205,831);
Insert into RESERVEDSEAT (RESERVEDSEAT_PK,SEAT_PK_NO,SCR_PK_NO,RESERVATION_PK_NO) values (579,2,204,832);
Insert into RESERVEDSEAT (RESERVEDSEAT_PK,SEAT_PK_NO,SCR_PK_NO,RESERVATION_PK_NO) values (580,1,203,834);
Insert into RESERVEDSEAT (RESERVEDSEAT_PK,SEAT_PK_NO,SCR_PK_NO,RESERVATION_PK_NO) values (581,1,206,835);
Insert into RESERVEDSEAT (RESERVEDSEAT_PK,SEAT_PK_NO,SCR_PK_NO,RESERVATION_PK_NO) values (601,13,218,841);
Insert into RESERVEDSEAT (RESERVEDSEAT_PK,SEAT_PK_NO,SCR_PK_NO,RESERVATION_PK_NO) values (602,4,213,842);
REM INSERTING into REVIEW
SET DEFINE OFF;
Insert into REVIEW (REVIEW_PK,MOVIE_PK,RV_DATE,RV_CONTENT,USERID,SCORE,RV_TITLE,KAKAOUSERID) values (392,3,to_date('19/10/29','RR/MM/DD'),'테스트','tester1',8,'테스트',null);
Insert into REVIEW (REVIEW_PK,MOVIE_PK,RV_DATE,RV_CONTENT,USERID,SCORE,RV_TITLE,KAKAOUSERID) values (488,10,to_date('19/10/31','RR/MM/DD'),'123','no11',10,'123',null);
Insert into REVIEW (REVIEW_PK,MOVIE_PK,RV_DATE,RV_CONTENT,USERID,SCORE,RV_TITLE,KAKAOUSERID) values (393,2,to_date('19/10/29','RR/MM/DD'),'테스트','tester222',9,'테스트',null);
Insert into REVIEW (REVIEW_PK,MOVIE_PK,RV_DATE,RV_CONTENT,USERID,SCORE,RV_TITLE,KAKAOUSERID) values (548,1,to_date('19/11/04','RR/MM/DD'),'asfasf','tester1',10,'dsaf',null);
Insert into REVIEW (REVIEW_PK,MOVIE_PK,RV_DATE,RV_CONTENT,USERID,SCORE,RV_TITLE,KAKAOUSERID) values (394,3,to_date('19/10/29','RR/MM/DD'),'테스트 내용','tester222',6,'테스트 제목',null);
Insert into REVIEW (REVIEW_PK,MOVIE_PK,RV_DATE,RV_CONTENT,USERID,SCORE,RV_TITLE,KAKAOUSERID) values (409,4,to_date('19/10/29','RR/MM/DD'),'INSERT TEST','tester222',5,'INSERT TEST CONTENT',null);
Insert into REVIEW (REVIEW_PK,MOVIE_PK,RV_DATE,RV_CONTENT,USERID,SCORE,RV_TITLE,KAKAOUSERID) values (410,5,to_date('19/10/29','RR/MM/DD'),'INSERT TEST','tester222',5,'INSERT TEST CONTENT',null);
Insert into REVIEW (REVIEW_PK,MOVIE_PK,RV_DATE,RV_CONTENT,USERID,SCORE,RV_TITLE,KAKAOUSERID) values (391,2,to_date('19/11/01','RR/MM/DD'),'ㅇ','tester1',1,'테스트',null);
Insert into REVIEW (REVIEW_PK,MOVIE_PK,RV_DATE,RV_CONTENT,USERID,SCORE,RV_TITLE,KAKAOUSERID) values (418,6,to_date('19/10/29','RR/MM/DD'),'테스트 리뷰내용','tester1',7,'테스트 리뷰제목',null);
Insert into REVIEW (REVIEW_PK,MOVIE_PK,RV_DATE,RV_CONTENT,USERID,SCORE,RV_TITLE,KAKAOUSERID) values (421,7,to_date('19/10/29','RR/MM/DD'),'테스트 리뷰내용','tester1',7,'테스트 리뷰제목',null);
Insert into REVIEW (REVIEW_PK,MOVIE_PK,RV_DATE,RV_CONTENT,USERID,SCORE,RV_TITLE,KAKAOUSERID) values (422,12,to_date('19/10/29','RR/MM/DD'),'123','tester222',6,'테스트 제목',null);
Insert into REVIEW (REVIEW_PK,MOVIE_PK,RV_DATE,RV_CONTENT,USERID,SCORE,RV_TITLE,KAKAOUSERID) values (423,6,to_date('19/10/29','RR/MM/DD'),'123','tester222',10,'123',null);
Insert into REVIEW (REVIEW_PK,MOVIE_PK,RV_DATE,RV_CONTENT,USERID,SCORE,RV_TITLE,KAKAOUSERID) values (424,11,to_date('19/10/29','RR/MM/DD'),'테스트 제목','tester222',10,'테스트 제목',null);
Insert into REVIEW (REVIEW_PK,MOVIE_PK,RV_DATE,RV_CONTENT,USERID,SCORE,RV_TITLE,KAKAOUSERID) values (425,8,to_date('19/10/29','RR/MM/DD'),'123','tester222',4,'테스트 제목',null);
Insert into REVIEW (REVIEW_PK,MOVIE_PK,RV_DATE,RV_CONTENT,USERID,SCORE,RV_TITLE,KAKAOUSERID) values (435,9,to_date('19/10/30','RR/MM/DD'),'123','tester1',10,'123',null);
Insert into REVIEW (REVIEW_PK,MOVIE_PK,RV_DATE,RV_CONTENT,USERID,SCORE,RV_TITLE,KAKAOUSERID) values (436,12,to_date('19/10/30','RR/MM/DD'),' 수정','no11',3,'테스트 제목 수정',null);
Insert into REVIEW (REVIEW_PK,MOVIE_PK,RV_DATE,RV_CONTENT,USERID,SCORE,RV_TITLE,KAKAOUSERID) values (448,2,to_date('19/10/30','RR/MM/DD'),'123','no11',10,'123',null);
Insert into REVIEW (REVIEW_PK,MOVIE_PK,RV_DATE,RV_CONTENT,USERID,SCORE,RV_TITLE,KAKAOUSERID) values (536,4,to_date('19/11/01','RR/MM/DD'),'<script>alert(''하이요'')</script><script>alert(''하이요'')</script><script>alert(''하이요'')</script><script>alert(''하이요'')</script><script>alert(''하이요'')</script><script>alert(''하이요'')</script><script>alert(''하이요'')</script><script>alert(''하이요'')</script>','ehdgusdldo@gmail.com',1,'<script>alert(''하이요'')</script>',null);
Insert into REVIEW (REVIEW_PK,MOVIE_PK,RV_DATE,RV_CONTENT,USERID,SCORE,RV_TITLE,KAKAOUSERID) values (537,5,to_date('19/11/01','RR/MM/DD'),'<script>alert(''하이요'')</script><script>alert(''하이요'')</script><script>alert(''하이요'')</script><script>alert(''하이요'')</script><script>alert(''하이요'')</script><script>alert(''하이요'')</script><script>alert(''하이요'')</script><script>alert(''하이요'')</script><script>alert(''하이요'')</script>','ehdgusdldo@gmail.com',10,'<script>alert(''하이요'')</script><script>alert(''하이요'')</script><script>alert(''하이요'')</script><script>alert(''하이요'')</script>',null);
Insert into REVIEW (REVIEW_PK,MOVIE_PK,RV_DATE,RV_CONTENT,USERID,SCORE,RV_TITLE,KAKAOUSERID) values (451,4,to_date('19/10/30','RR/MM/DD'),'123123','no11',5,'테스트 제목',null);
Insert into REVIEW (REVIEW_PK,MOVIE_PK,RV_DATE,RV_CONTENT,USERID,SCORE,RV_TITLE,KAKAOUSERID) values (452,1,to_date('19/10/30','RR/MM/DD'),'테스트내용1','tester',10,'테스트제목1',null);
Insert into REVIEW (REVIEW_PK,MOVIE_PK,RV_DATE,RV_CONTENT,USERID,SCORE,RV_TITLE,KAKAOUSERID) values (453,1,to_date('19/10/30','RR/MM/DD'),'테스트내용2','tester2',10,'테스트제목2',null);
Insert into REVIEW (REVIEW_PK,MOVIE_PK,RV_DATE,RV_CONTENT,USERID,SCORE,RV_TITLE,KAKAOUSERID) values (498,3,to_date('19/10/31','RR/MM/DD'),'123',null,10,'123',null);
Insert into REVIEW (REVIEW_PK,MOVIE_PK,RV_DATE,RV_CONTENT,USERID,SCORE,RV_TITLE,KAKAOUSERID) values (500,4,to_date('19/10/31','RR/MM/DD'),'123',null,10,'123',null);
Insert into REVIEW (REVIEW_PK,MOVIE_PK,RV_DATE,RV_CONTENT,USERID,SCORE,RV_TITLE,KAKAOUSERID) values (502,9,to_date('19/10/31','RR/MM/DD'),'123',null,10,'123',null);
Insert into REVIEW (REVIEW_PK,MOVIE_PK,RV_DATE,RV_CONTENT,USERID,SCORE,RV_TITLE,KAKAOUSERID) values (549,11,to_date('19/11/04','RR/MM/DD'),'123124','no11',10,'테스트 제목',null);
Insert into REVIEW (REVIEW_PK,MOVIE_PK,RV_DATE,RV_CONTENT,USERID,SCORE,RV_TITLE,KAKAOUSERID) values (528,3,to_date('19/11/01','RR/MM/DD'),'<script>alert("hi")</script>','no11',10,'<script>alert("hi")</script>',null);
Insert into REVIEW (REVIEW_PK,MOVIE_PK,RV_DATE,RV_CONTENT,USERID,SCORE,RV_TITLE,KAKAOUSERID) values (461,1,to_date('19/10/30','RR/MM/DD'),'테스트내용10','tester9',10,'테스트제목10',null);
Insert into REVIEW (REVIEW_PK,MOVIE_PK,RV_DATE,RV_CONTENT,USERID,SCORE,RV_TITLE,KAKAOUSERID) values (538,12,to_date('19/11/01','RR/MM/DD'),'123','tester1',10,'123',null);
Insert into REVIEW (REVIEW_PK,MOVIE_PK,RV_DATE,RV_CONTENT,USERID,SCORE,RV_TITLE,KAKAOUSERID) values (554,9,to_date('19/11/04','RR/MM/DD'),'정신건강에 안좋은 것 같아요..
왜 극찬 받은거죠','no111',1,'조커 보고왔어요',null);
Insert into REVIEW (REVIEW_PK,MOVIE_PK,RV_DATE,RV_CONTENT,USERID,SCORE,RV_TITLE,KAKAOUSERID) values (556,9,to_date('19/11/04','RR/MM/DD'),'츄에고~!','naver1',10,'최고!',null);
Insert into REVIEW (REVIEW_PK,MOVIE_PK,RV_DATE,RV_CONTENT,USERID,SCORE,RV_TITLE,KAKAOUSERID) values (555,9,to_date('19/11/04','RR/MM/DD'),'명작이네여','no11',10,'조커 개꿀잼!',null);
Insert into REVIEW (REVIEW_PK,MOVIE_PK,RV_DATE,RV_CONTENT,USERID,SCORE,RV_TITLE,KAKAOUSERID) values (557,9,to_date('19/11/04','RR/MM/DD'),'미국에서 우려될만 하네요','tester222',2,'제정신이 아닌듯',null);
Insert into REVIEW (REVIEW_PK,MOVIE_PK,RV_DATE,RV_CONTENT,USERID,SCORE,RV_TITLE,KAKAOUSERID) values (558,9,to_date('19/11/04','RR/MM/DD'),'다녀와서 청심환 드십니다','test000',2,'부모님이랑 보고왔는데..',null);
REM INSERTING into SCREENING
SET DEFINE OFF;
Insert into SCREENING (SCR_PK,SCR_DATE,SCR_TIME,THEATER_PK_NO,AUD_PK_NO,MOVIE_PK_NO) values (148,to_date('19/11/02','RR/MM/DD'),to_date('19/11/02','RR/MM/DD'),1,21,1);
Insert into SCREENING (SCR_PK,SCR_DATE,SCR_TIME,THEATER_PK_NO,AUD_PK_NO,MOVIE_PK_NO) values (149,to_date('19/11/04','RR/MM/DD'),to_date('19/11/04','RR/MM/DD'),4,8,5);
Insert into SCREENING (SCR_PK,SCR_DATE,SCR_TIME,THEATER_PK_NO,AUD_PK_NO,MOVIE_PK_NO) values (150,to_date('19/11/02','RR/MM/DD'),to_date('19/11/02','RR/MM/DD'),21,51,7);
Insert into SCREENING (SCR_PK,SCR_DATE,SCR_TIME,THEATER_PK_NO,AUD_PK_NO,MOVIE_PK_NO) values (151,to_date('19/11/01','RR/MM/DD'),to_date('19/11/01','RR/MM/DD'),1,1,1);
Insert into SCREENING (SCR_PK,SCR_DATE,SCR_TIME,THEATER_PK_NO,AUD_PK_NO,MOVIE_PK_NO) values (152,to_date('19/11/01','RR/MM/DD'),to_date('19/11/01','RR/MM/DD'),29,92,9);
Insert into SCREENING (SCR_PK,SCR_DATE,SCR_TIME,THEATER_PK_NO,AUD_PK_NO,MOVIE_PK_NO) values (153,to_date('19/11/15','RR/MM/DD'),to_date('19/11/15','RR/MM/DD'),1,1,9);
Insert into SCREENING (SCR_PK,SCR_DATE,SCR_TIME,THEATER_PK_NO,AUD_PK_NO,MOVIE_PK_NO) values (154,to_date('19/11/03','RR/MM/DD'),to_date('19/11/03','RR/MM/DD'),1,24,8);
Insert into SCREENING (SCR_PK,SCR_DATE,SCR_TIME,THEATER_PK_NO,AUD_PK_NO,MOVIE_PK_NO) values (161,to_date('19/11/04','RR/MM/DD'),to_date('19/11/04','RR/MM/DD'),23,56,10);
Insert into SCREENING (SCR_PK,SCR_DATE,SCR_TIME,THEATER_PK_NO,AUD_PK_NO,MOVIE_PK_NO) values (181,to_date('19/11/03','RR/MM/DD'),to_date('19/11/03','RR/MM/DD'),3,6,9);
Insert into SCREENING (SCR_PK,SCR_DATE,SCR_TIME,THEATER_PK_NO,AUD_PK_NO,MOVIE_PK_NO) values (182,to_date('19/11/03','RR/MM/DD'),to_date('19/11/03','RR/MM/DD'),5,9,9);
Insert into SCREENING (SCR_PK,SCR_DATE,SCR_TIME,THEATER_PK_NO,AUD_PK_NO,MOVIE_PK_NO) values (183,to_date('19/11/03','RR/MM/DD'),to_date('19/11/03','RR/MM/DD'),4,8,9);
Insert into SCREENING (SCR_PK,SCR_DATE,SCR_TIME,THEATER_PK_NO,AUD_PK_NO,MOVIE_PK_NO) values (184,to_date('19/11/03','RR/MM/DD'),to_date('19/11/03','RR/MM/DD'),5,37,9);
Insert into SCREENING (SCR_PK,SCR_DATE,SCR_TIME,THEATER_PK_NO,AUD_PK_NO,MOVIE_PK_NO) values (201,to_date('19/11/04','RR/MM/DD'),to_date('19/11/04','RR/MM/DD'),24,63,9);
Insert into SCREENING (SCR_PK,SCR_DATE,SCR_TIME,THEATER_PK_NO,AUD_PK_NO,MOVIE_PK_NO) values (202,to_date('19/11/04','RR/MM/DD'),to_date('19/11/04','RR/MM/DD'),21,51,9);
Insert into SCREENING (SCR_PK,SCR_DATE,SCR_TIME,THEATER_PK_NO,AUD_PK_NO,MOVIE_PK_NO) values (203,to_date('19/11/04','RR/MM/DD'),to_date('19/11/04','RR/MM/DD'),1,1,1);
Insert into SCREENING (SCR_PK,SCR_DATE,SCR_TIME,THEATER_PK_NO,AUD_PK_NO,MOVIE_PK_NO) values (204,to_date('19/11/04','RR/MM/DD'),to_date('19/11/04','RR/MM/DD'),28,89,7);
Insert into SCREENING (SCR_PK,SCR_DATE,SCR_TIME,THEATER_PK_NO,AUD_PK_NO,MOVIE_PK_NO) values (205,to_date('19/11/05','RR/MM/DD'),to_date('19/11/05','RR/MM/DD'),27,82,4);
Insert into SCREENING (SCR_PK,SCR_DATE,SCR_TIME,THEATER_PK_NO,AUD_PK_NO,MOVIE_PK_NO) values (206,to_date('19/11/05','RR/MM/DD'),to_date('19/11/05','RR/MM/DD'),1,1,1);
Insert into SCREENING (SCR_PK,SCR_DATE,SCR_TIME,THEATER_PK_NO,AUD_PK_NO,MOVIE_PK_NO) values (207,to_date('19/11/06','RR/MM/DD'),to_date('19/11/06','RR/MM/DD'),1,1,2);
Insert into SCREENING (SCR_PK,SCR_DATE,SCR_TIME,THEATER_PK_NO,AUD_PK_NO,MOVIE_PK_NO) values (208,to_date('19/11/05','RR/MM/DD'),to_date('19/11/05','RR/MM/DD'),23,56,10);
Insert into SCREENING (SCR_PK,SCR_DATE,SCR_TIME,THEATER_PK_NO,AUD_PK_NO,MOVIE_PK_NO) values (146,to_date('19/11/02','RR/MM/DD'),to_date('19/11/02','RR/MM/DD'),1,1,1);
Insert into SCREENING (SCR_PK,SCR_DATE,SCR_TIME,THEATER_PK_NO,AUD_PK_NO,MOVIE_PK_NO) values (209,to_date('19/11/05','RR/MM/DD'),to_date('19/11/05','RR/MM/DD'),1,2,2);
Insert into SCREENING (SCR_PK,SCR_DATE,SCR_TIME,THEATER_PK_NO,AUD_PK_NO,MOVIE_PK_NO) values (147,to_date('19/11/02','RR/MM/DD'),to_date('19/11/02','RR/MM/DD'),1,22,1);
Insert into SCREENING (SCR_PK,SCR_DATE,SCR_TIME,THEATER_PK_NO,AUD_PK_NO,MOVIE_PK_NO) values (210,to_date('19/11/06','RR/MM/DD'),to_date('19/11/06','RR/MM/DD'),7,46,3);
Insert into SCREENING (SCR_PK,SCR_DATE,SCR_TIME,THEATER_PK_NO,AUD_PK_NO,MOVIE_PK_NO) values (211,to_date('19/11/05','RR/MM/DD'),to_date('19/11/05','RR/MM/DD'),1,2,3);
Insert into SCREENING (SCR_PK,SCR_DATE,SCR_TIME,THEATER_PK_NO,AUD_PK_NO,MOVIE_PK_NO) values (212,to_date('19/11/06','RR/MM/DD'),to_date('19/11/06','RR/MM/DD'),5,40,11);
Insert into SCREENING (SCR_PK,SCR_DATE,SCR_TIME,THEATER_PK_NO,AUD_PK_NO,MOVIE_PK_NO) values (213,to_date('19/11/05','RR/MM/DD'),to_date('19/11/05','RR/MM/DD'),2,26,6);
Insert into SCREENING (SCR_PK,SCR_DATE,SCR_TIME,THEATER_PK_NO,AUD_PK_NO,MOVIE_PK_NO) values (214,to_date('19/11/04','RR/MM/DD'),to_date('19/11/04','RR/MM/DD'),3,6,2);
Insert into SCREENING (SCR_PK,SCR_DATE,SCR_TIME,THEATER_PK_NO,AUD_PK_NO,MOVIE_PK_NO) values (215,to_date('19/11/04','RR/MM/DD'),to_date('19/11/04','RR/MM/DD'),7,13,3);
Insert into SCREENING (SCR_PK,SCR_DATE,SCR_TIME,THEATER_PK_NO,AUD_PK_NO,MOVIE_PK_NO) values (216,to_date('19/11/05','RR/MM/DD'),to_date('19/11/05','RR/MM/DD'),3,30,7);
Insert into SCREENING (SCR_PK,SCR_DATE,SCR_TIME,THEATER_PK_NO,AUD_PK_NO,MOVIE_PK_NO) values (217,to_date('19/11/04','RR/MM/DD'),to_date('19/11/04','RR/MM/DD'),24,65,3);
Insert into SCREENING (SCR_PK,SCR_DATE,SCR_TIME,THEATER_PK_NO,AUD_PK_NO,MOVIE_PK_NO) values (218,to_date('19/11/04','RR/MM/DD'),to_date('19/11/04','RR/MM/DD'),5,37,9);
Insert into SCREENING (SCR_PK,SCR_DATE,SCR_TIME,THEATER_PK_NO,AUD_PK_NO,MOVIE_PK_NO) values (219,to_date('19/11/04','RR/MM/DD'),to_date('19/11/04','RR/MM/DD'),7,47,3);
Insert into SCREENING (SCR_PK,SCR_DATE,SCR_TIME,THEATER_PK_NO,AUD_PK_NO,MOVIE_PK_NO) values (220,to_date('19/11/04','RR/MM/DD'),to_date('19/11/04','RR/MM/DD'),27,80,20);
Insert into SCREENING (SCR_PK,SCR_DATE,SCR_TIME,THEATER_PK_NO,AUD_PK_NO,MOVIE_PK_NO) values (221,to_date('19/11/05','RR/MM/DD'),to_date('19/11/05','RR/MM/DD'),28,89,7);
Insert into SCREENING (SCR_PK,SCR_DATE,SCR_TIME,THEATER_PK_NO,AUD_PK_NO,MOVIE_PK_NO) values (222,to_date('19/11/05','RR/MM/DD'),to_date('19/11/05','RR/MM/DD'),7,14,3);
Insert into SCREENING (SCR_PK,SCR_DATE,SCR_TIME,THEATER_PK_NO,AUD_PK_NO,MOVIE_PK_NO) values (223,to_date('19/11/05','RR/MM/DD'),to_date('19/11/05','RR/MM/DD'),29,95,3);
Insert into SCREENING (SCR_PK,SCR_DATE,SCR_TIME,THEATER_PK_NO,AUD_PK_NO,MOVIE_PK_NO) values (224,to_date('19/11/04','RR/MM/DD'),to_date('19/11/04','RR/MM/DD'),21,52,7);
Insert into SCREENING (SCR_PK,SCR_DATE,SCR_TIME,THEATER_PK_NO,AUD_PK_NO,MOVIE_PK_NO) values (225,to_date('19/11/04','RR/MM/DD'),to_date('19/11/04','RR/MM/DD'),28,89,7);
Insert into SCREENING (SCR_PK,SCR_DATE,SCR_TIME,THEATER_PK_NO,AUD_PK_NO,MOVIE_PK_NO) values (226,to_date('19/11/05','RR/MM/DD'),to_date('19/11/05','RR/MM/DD'),2,4,3);
Insert into SCREENING (SCR_PK,SCR_DATE,SCR_TIME,THEATER_PK_NO,AUD_PK_NO,MOVIE_PK_NO) values (227,to_date('19/11/04','RR/MM/DD'),to_date('19/11/04','RR/MM/DD'),2,3,3);
Insert into SCREENING (SCR_PK,SCR_DATE,SCR_TIME,THEATER_PK_NO,AUD_PK_NO,MOVIE_PK_NO) values (228,to_date('19/11/05','RR/MM/DD'),to_date('19/11/05','RR/MM/DD'),23,59,3);
Insert into SCREENING (SCR_PK,SCR_DATE,SCR_TIME,THEATER_PK_NO,AUD_PK_NO,MOVIE_PK_NO) values (229,to_date('19/11/05','RR/MM/DD'),to_date('19/11/05','RR/MM/DD'),23,60,3);
Insert into SCREENING (SCR_PK,SCR_DATE,SCR_TIME,THEATER_PK_NO,AUD_PK_NO,MOVIE_PK_NO) values (230,to_date('19/11/05','RR/MM/DD'),to_date('19/11/05','RR/MM/DD'),23,59,3);
Insert into SCREENING (SCR_PK,SCR_DATE,SCR_TIME,THEATER_PK_NO,AUD_PK_NO,MOVIE_PK_NO) values (231,to_date('19/11/05','RR/MM/DD'),to_date('19/11/05','RR/MM/DD'),23,57,3);
Insert into SCREENING (SCR_PK,SCR_DATE,SCR_TIME,THEATER_PK_NO,AUD_PK_NO,MOVIE_PK_NO) values (241,to_date('19/11/04','RR/MM/DD'),to_date('19/11/04','RR/MM/DD'),21,52,9);
REM INSERTING into SEAT
SET DEFINE OFF;
Insert into SEAT (SEAT_PK,SEAT_NAME,AUD_PK_NO,SEAT_NUM) values (9,'B',1,2);
Insert into SEAT (SEAT_PK,SEAT_NAME,AUD_PK_NO,SEAT_NUM) values (10,'B',1,3);
Insert into SEAT (SEAT_PK,SEAT_NAME,AUD_PK_NO,SEAT_NUM) values (11,'B',1,4);
Insert into SEAT (SEAT_PK,SEAT_NAME,AUD_PK_NO,SEAT_NUM) values (12,'B',1,5);
Insert into SEAT (SEAT_PK,SEAT_NAME,AUD_PK_NO,SEAT_NUM) values (13,'B',1,6);
Insert into SEAT (SEAT_PK,SEAT_NAME,AUD_PK_NO,SEAT_NUM) values (14,'B',1,7);
Insert into SEAT (SEAT_PK,SEAT_NAME,AUD_PK_NO,SEAT_NUM) values (15,'C',1,1);
Insert into SEAT (SEAT_PK,SEAT_NAME,AUD_PK_NO,SEAT_NUM) values (16,'C',1,2);
Insert into SEAT (SEAT_PK,SEAT_NAME,AUD_PK_NO,SEAT_NUM) values (17,'C',1,3);
Insert into SEAT (SEAT_PK,SEAT_NAME,AUD_PK_NO,SEAT_NUM) values (18,'C',1,4);
Insert into SEAT (SEAT_PK,SEAT_NAME,AUD_PK_NO,SEAT_NUM) values (19,'C',1,5);
Insert into SEAT (SEAT_PK,SEAT_NAME,AUD_PK_NO,SEAT_NUM) values (20,'C',1,6);
Insert into SEAT (SEAT_PK,SEAT_NAME,AUD_PK_NO,SEAT_NUM) values (21,'C',1,7);
Insert into SEAT (SEAT_PK,SEAT_NAME,AUD_PK_NO,SEAT_NUM) values (22,'D',1,1);
Insert into SEAT (SEAT_PK,SEAT_NAME,AUD_PK_NO,SEAT_NUM) values (23,'D',1,2);
Insert into SEAT (SEAT_PK,SEAT_NAME,AUD_PK_NO,SEAT_NUM) values (24,'D',1,3);
Insert into SEAT (SEAT_PK,SEAT_NAME,AUD_PK_NO,SEAT_NUM) values (25,'D',1,4);
Insert into SEAT (SEAT_PK,SEAT_NAME,AUD_PK_NO,SEAT_NUM) values (26,'D',1,5);
Insert into SEAT (SEAT_PK,SEAT_NAME,AUD_PK_NO,SEAT_NUM) values (27,'D',1,6);
Insert into SEAT (SEAT_PK,SEAT_NAME,AUD_PK_NO,SEAT_NUM) values (28,'D',1,7);
Insert into SEAT (SEAT_PK,SEAT_NAME,AUD_PK_NO,SEAT_NUM) values (29,'E',1,1);
Insert into SEAT (SEAT_PK,SEAT_NAME,AUD_PK_NO,SEAT_NUM) values (30,'E',1,2);
Insert into SEAT (SEAT_PK,SEAT_NAME,AUD_PK_NO,SEAT_NUM) values (31,'E',1,3);
Insert into SEAT (SEAT_PK,SEAT_NAME,AUD_PK_NO,SEAT_NUM) values (32,'E',1,4);
Insert into SEAT (SEAT_PK,SEAT_NAME,AUD_PK_NO,SEAT_NUM) values (33,'E',1,5);
Insert into SEAT (SEAT_PK,SEAT_NAME,AUD_PK_NO,SEAT_NUM) values (34,'E',1,6);
Insert into SEAT (SEAT_PK,SEAT_NAME,AUD_PK_NO,SEAT_NUM) values (35,'E',1,7);
Insert into SEAT (SEAT_PK,SEAT_NAME,AUD_PK_NO,SEAT_NUM) values (36,'A',2,1);
Insert into SEAT (SEAT_PK,SEAT_NAME,AUD_PK_NO,SEAT_NUM) values (37,'A',2,2);
Insert into SEAT (SEAT_PK,SEAT_NAME,AUD_PK_NO,SEAT_NUM) values (38,'A',2,3);
Insert into SEAT (SEAT_PK,SEAT_NAME,AUD_PK_NO,SEAT_NUM) values (39,'A',2,4);
Insert into SEAT (SEAT_PK,SEAT_NAME,AUD_PK_NO,SEAT_NUM) values (40,'A',2,5);
Insert into SEAT (SEAT_PK,SEAT_NAME,AUD_PK_NO,SEAT_NUM) values (41,'A',2,6);
Insert into SEAT (SEAT_PK,SEAT_NAME,AUD_PK_NO,SEAT_NUM) values (42,'A',2,7);
Insert into SEAT (SEAT_PK,SEAT_NAME,AUD_PK_NO,SEAT_NUM) values (1,'A',1,1);
Insert into SEAT (SEAT_PK,SEAT_NAME,AUD_PK_NO,SEAT_NUM) values (2,'A',1,2);
Insert into SEAT (SEAT_PK,SEAT_NAME,AUD_PK_NO,SEAT_NUM) values (3,'A',1,3);
Insert into SEAT (SEAT_PK,SEAT_NAME,AUD_PK_NO,SEAT_NUM) values (4,'A',1,4);
Insert into SEAT (SEAT_PK,SEAT_NAME,AUD_PK_NO,SEAT_NUM) values (5,'A',1,5);
Insert into SEAT (SEAT_PK,SEAT_NAME,AUD_PK_NO,SEAT_NUM) values (6,'A',1,6);
Insert into SEAT (SEAT_PK,SEAT_NAME,AUD_PK_NO,SEAT_NUM) values (7,'A',1,7);
Insert into SEAT (SEAT_PK,SEAT_NAME,AUD_PK_NO,SEAT_NUM) values (8,'B',1,1);
Insert into SEAT (SEAT_PK,SEAT_NAME,AUD_PK_NO,SEAT_NUM) values (43,'B',2,1);
Insert into SEAT (SEAT_PK,SEAT_NAME,AUD_PK_NO,SEAT_NUM) values (44,'B',2,2);
Insert into SEAT (SEAT_PK,SEAT_NAME,AUD_PK_NO,SEAT_NUM) values (45,'B',2,3);
Insert into SEAT (SEAT_PK,SEAT_NAME,AUD_PK_NO,SEAT_NUM) values (46,'B',2,4);
Insert into SEAT (SEAT_PK,SEAT_NAME,AUD_PK_NO,SEAT_NUM) values (47,'B',2,5);
Insert into SEAT (SEAT_PK,SEAT_NAME,AUD_PK_NO,SEAT_NUM) values (48,'B',2,6);
Insert into SEAT (SEAT_PK,SEAT_NAME,AUD_PK_NO,SEAT_NUM) values (49,'B',2,7);
Insert into SEAT (SEAT_PK,SEAT_NAME,AUD_PK_NO,SEAT_NUM) values (50,'C',2,1);
Insert into SEAT (SEAT_PK,SEAT_NAME,AUD_PK_NO,SEAT_NUM) values (51,'C',2,2);
Insert into SEAT (SEAT_PK,SEAT_NAME,AUD_PK_NO,SEAT_NUM) values (52,'C',2,3);
Insert into SEAT (SEAT_PK,SEAT_NAME,AUD_PK_NO,SEAT_NUM) values (53,'C',2,4);
Insert into SEAT (SEAT_PK,SEAT_NAME,AUD_PK_NO,SEAT_NUM) values (54,'C',2,5);
Insert into SEAT (SEAT_PK,SEAT_NAME,AUD_PK_NO,SEAT_NUM) values (55,'C',2,6);
Insert into SEAT (SEAT_PK,SEAT_NAME,AUD_PK_NO,SEAT_NUM) values (56,'C',2,7);
Insert into SEAT (SEAT_PK,SEAT_NAME,AUD_PK_NO,SEAT_NUM) values (57,'D',2,1);
Insert into SEAT (SEAT_PK,SEAT_NAME,AUD_PK_NO,SEAT_NUM) values (58,'D',2,2);
Insert into SEAT (SEAT_PK,SEAT_NAME,AUD_PK_NO,SEAT_NUM) values (59,'D',2,3);
Insert into SEAT (SEAT_PK,SEAT_NAME,AUD_PK_NO,SEAT_NUM) values (60,'D',2,4);
Insert into SEAT (SEAT_PK,SEAT_NAME,AUD_PK_NO,SEAT_NUM) values (61,'D',2,5);
Insert into SEAT (SEAT_PK,SEAT_NAME,AUD_PK_NO,SEAT_NUM) values (62,'D',2,6);
Insert into SEAT (SEAT_PK,SEAT_NAME,AUD_PK_NO,SEAT_NUM) values (63,'D',2,7);
Insert into SEAT (SEAT_PK,SEAT_NAME,AUD_PK_NO,SEAT_NUM) values (65,'E',2,2);
Insert into SEAT (SEAT_PK,SEAT_NAME,AUD_PK_NO,SEAT_NUM) values (66,'E',2,3);
Insert into SEAT (SEAT_PK,SEAT_NAME,AUD_PK_NO,SEAT_NUM) values (67,'E',2,4);
Insert into SEAT (SEAT_PK,SEAT_NAME,AUD_PK_NO,SEAT_NUM) values (68,'E',2,5);
Insert into SEAT (SEAT_PK,SEAT_NAME,AUD_PK_NO,SEAT_NUM) values (69,'E',2,6);
Insert into SEAT (SEAT_PK,SEAT_NAME,AUD_PK_NO,SEAT_NUM) values (70,'E',2,7);
Insert into SEAT (SEAT_PK,SEAT_NAME,AUD_PK_NO,SEAT_NUM) values (71,'A',3,1);
Insert into SEAT (SEAT_PK,SEAT_NAME,AUD_PK_NO,SEAT_NUM) values (72,'A',3,2);
Insert into SEAT (SEAT_PK,SEAT_NAME,AUD_PK_NO,SEAT_NUM) values (73,'A',3,3);
Insert into SEAT (SEAT_PK,SEAT_NAME,AUD_PK_NO,SEAT_NUM) values (74,'A',3,4);
Insert into SEAT (SEAT_PK,SEAT_NAME,AUD_PK_NO,SEAT_NUM) values (75,'A',3,5);
Insert into SEAT (SEAT_PK,SEAT_NAME,AUD_PK_NO,SEAT_NUM) values (76,'A',3,6);
Insert into SEAT (SEAT_PK,SEAT_NAME,AUD_PK_NO,SEAT_NUM) values (77,'A',3,7);
Insert into SEAT (SEAT_PK,SEAT_NAME,AUD_PK_NO,SEAT_NUM) values (78,'B',3,1);
Insert into SEAT (SEAT_PK,SEAT_NAME,AUD_PK_NO,SEAT_NUM) values (64,'E',2,1);
Insert into SEAT (SEAT_PK,SEAT_NAME,AUD_PK_NO,SEAT_NUM) values (79,'B',3,2);
Insert into SEAT (SEAT_PK,SEAT_NAME,AUD_PK_NO,SEAT_NUM) values (80,'B',3,3);
Insert into SEAT (SEAT_PK,SEAT_NAME,AUD_PK_NO,SEAT_NUM) values (81,'B',3,4);
Insert into SEAT (SEAT_PK,SEAT_NAME,AUD_PK_NO,SEAT_NUM) values (82,'B',3,5);
Insert into SEAT (SEAT_PK,SEAT_NAME,AUD_PK_NO,SEAT_NUM) values (83,'B',3,6);
Insert into SEAT (SEAT_PK,SEAT_NAME,AUD_PK_NO,SEAT_NUM) values (84,'B',3,7);
Insert into SEAT (SEAT_PK,SEAT_NAME,AUD_PK_NO,SEAT_NUM) values (85,'C',3,1);
Insert into SEAT (SEAT_PK,SEAT_NAME,AUD_PK_NO,SEAT_NUM) values (86,'C',3,2);
Insert into SEAT (SEAT_PK,SEAT_NAME,AUD_PK_NO,SEAT_NUM) values (87,'C',3,3);
Insert into SEAT (SEAT_PK,SEAT_NAME,AUD_PK_NO,SEAT_NUM) values (88,'C',3,4);
Insert into SEAT (SEAT_PK,SEAT_NAME,AUD_PK_NO,SEAT_NUM) values (89,'C',3,5);
Insert into SEAT (SEAT_PK,SEAT_NAME,AUD_PK_NO,SEAT_NUM) values (90,'C',3,6);
Insert into SEAT (SEAT_PK,SEAT_NAME,AUD_PK_NO,SEAT_NUM) values (91,'C',3,7);
Insert into SEAT (SEAT_PK,SEAT_NAME,AUD_PK_NO,SEAT_NUM) values (92,'D',3,1);
Insert into SEAT (SEAT_PK,SEAT_NAME,AUD_PK_NO,SEAT_NUM) values (93,'D',3,2);
Insert into SEAT (SEAT_PK,SEAT_NAME,AUD_PK_NO,SEAT_NUM) values (94,'D',3,3);
Insert into SEAT (SEAT_PK,SEAT_NAME,AUD_PK_NO,SEAT_NUM) values (95,'D',3,4);
Insert into SEAT (SEAT_PK,SEAT_NAME,AUD_PK_NO,SEAT_NUM) values (96,'D',3,5);
Insert into SEAT (SEAT_PK,SEAT_NAME,AUD_PK_NO,SEAT_NUM) values (97,'D',3,6);
Insert into SEAT (SEAT_PK,SEAT_NAME,AUD_PK_NO,SEAT_NUM) values (98,'D',3,7);
Insert into SEAT (SEAT_PK,SEAT_NAME,AUD_PK_NO,SEAT_NUM) values (99,'E',3,1);
Insert into SEAT (SEAT_PK,SEAT_NAME,AUD_PK_NO,SEAT_NUM) values (100,'E',3,2);
Insert into SEAT (SEAT_PK,SEAT_NAME,AUD_PK_NO,SEAT_NUM) values (101,'E',3,3);
Insert into SEAT (SEAT_PK,SEAT_NAME,AUD_PK_NO,SEAT_NUM) values (102,'E',3,4);
Insert into SEAT (SEAT_PK,SEAT_NAME,AUD_PK_NO,SEAT_NUM) values (103,'E',3,5);
Insert into SEAT (SEAT_PK,SEAT_NAME,AUD_PK_NO,SEAT_NUM) values (104,'E',3,6);
Insert into SEAT (SEAT_PK,SEAT_NAME,AUD_PK_NO,SEAT_NUM) values (105,'E',3,7);
Insert into SEAT (SEAT_PK,SEAT_NAME,AUD_PK_NO,SEAT_NUM) values (106,'A',4,1);
Insert into SEAT (SEAT_PK,SEAT_NAME,AUD_PK_NO,SEAT_NUM) values (107,'A',4,2);
Insert into SEAT (SEAT_PK,SEAT_NAME,AUD_PK_NO,SEAT_NUM) values (108,'A',4,3);
Insert into SEAT (SEAT_PK,SEAT_NAME,AUD_PK_NO,SEAT_NUM) values (109,'A',4,4);
Insert into SEAT (SEAT_PK,SEAT_NAME,AUD_PK_NO,SEAT_NUM) values (110,'A',4,5);
Insert into SEAT (SEAT_PK,SEAT_NAME,AUD_PK_NO,SEAT_NUM) values (111,'A',4,6);
Insert into SEAT (SEAT_PK,SEAT_NAME,AUD_PK_NO,SEAT_NUM) values (112,'A',4,7);
Insert into SEAT (SEAT_PK,SEAT_NAME,AUD_PK_NO,SEAT_NUM) values (113,'B',4,1);
Insert into SEAT (SEAT_PK,SEAT_NAME,AUD_PK_NO,SEAT_NUM) values (114,'B',4,2);
Insert into SEAT (SEAT_PK,SEAT_NAME,AUD_PK_NO,SEAT_NUM) values (115,'B',4,3);
Insert into SEAT (SEAT_PK,SEAT_NAME,AUD_PK_NO,SEAT_NUM) values (116,'B',4,4);
Insert into SEAT (SEAT_PK,SEAT_NAME,AUD_PK_NO,SEAT_NUM) values (117,'B',4,5);
Insert into SEAT (SEAT_PK,SEAT_NAME,AUD_PK_NO,SEAT_NUM) values (118,'B',4,6);
Insert into SEAT (SEAT_PK,SEAT_NAME,AUD_PK_NO,SEAT_NUM) values (119,'B',4,7);
Insert into SEAT (SEAT_PK,SEAT_NAME,AUD_PK_NO,SEAT_NUM) values (120,'C',4,1);
Insert into SEAT (SEAT_PK,SEAT_NAME,AUD_PK_NO,SEAT_NUM) values (121,'C',4,2);
Insert into SEAT (SEAT_PK,SEAT_NAME,AUD_PK_NO,SEAT_NUM) values (122,'C',4,3);
Insert into SEAT (SEAT_PK,SEAT_NAME,AUD_PK_NO,SEAT_NUM) values (123,'C',4,4);
Insert into SEAT (SEAT_PK,SEAT_NAME,AUD_PK_NO,SEAT_NUM) values (124,'C',4,5);
Insert into SEAT (SEAT_PK,SEAT_NAME,AUD_PK_NO,SEAT_NUM) values (125,'C',4,6);
Insert into SEAT (SEAT_PK,SEAT_NAME,AUD_PK_NO,SEAT_NUM) values (126,'C',4,7);
Insert into SEAT (SEAT_PK,SEAT_NAME,AUD_PK_NO,SEAT_NUM) values (127,'D',4,1);
Insert into SEAT (SEAT_PK,SEAT_NAME,AUD_PK_NO,SEAT_NUM) values (128,'D',4,2);
Insert into SEAT (SEAT_PK,SEAT_NAME,AUD_PK_NO,SEAT_NUM) values (129,'D',4,3);
Insert into SEAT (SEAT_PK,SEAT_NAME,AUD_PK_NO,SEAT_NUM) values (130,'D',4,4);
Insert into SEAT (SEAT_PK,SEAT_NAME,AUD_PK_NO,SEAT_NUM) values (131,'D',4,5);
Insert into SEAT (SEAT_PK,SEAT_NAME,AUD_PK_NO,SEAT_NUM) values (132,'D',4,6);
Insert into SEAT (SEAT_PK,SEAT_NAME,AUD_PK_NO,SEAT_NUM) values (133,'D',4,7);
Insert into SEAT (SEAT_PK,SEAT_NAME,AUD_PK_NO,SEAT_NUM) values (134,'E',4,1);
Insert into SEAT (SEAT_PK,SEAT_NAME,AUD_PK_NO,SEAT_NUM) values (135,'E',4,2);
Insert into SEAT (SEAT_PK,SEAT_NAME,AUD_PK_NO,SEAT_NUM) values (136,'E',4,3);
Insert into SEAT (SEAT_PK,SEAT_NAME,AUD_PK_NO,SEAT_NUM) values (137,'E',4,4);
Insert into SEAT (SEAT_PK,SEAT_NAME,AUD_PK_NO,SEAT_NUM) values (138,'E',4,5);
Insert into SEAT (SEAT_PK,SEAT_NAME,AUD_PK_NO,SEAT_NUM) values (139,'E',4,6);
Insert into SEAT (SEAT_PK,SEAT_NAME,AUD_PK_NO,SEAT_NUM) values (140,'E',4,7);
Insert into SEAT (SEAT_PK,SEAT_NAME,AUD_PK_NO,SEAT_NUM) values (141,'A',5,1);
Insert into SEAT (SEAT_PK,SEAT_NAME,AUD_PK_NO,SEAT_NUM) values (142,'A',5,2);
Insert into SEAT (SEAT_PK,SEAT_NAME,AUD_PK_NO,SEAT_NUM) values (143,'A',5,3);
Insert into SEAT (SEAT_PK,SEAT_NAME,AUD_PK_NO,SEAT_NUM) values (144,'A',5,4);
Insert into SEAT (SEAT_PK,SEAT_NAME,AUD_PK_NO,SEAT_NUM) values (145,'A',5,5);
Insert into SEAT (SEAT_PK,SEAT_NAME,AUD_PK_NO,SEAT_NUM) values (146,'A',5,6);
Insert into SEAT (SEAT_PK,SEAT_NAME,AUD_PK_NO,SEAT_NUM) values (147,'A',5,7);
Insert into SEAT (SEAT_PK,SEAT_NAME,AUD_PK_NO,SEAT_NUM) values (148,'B',5,1);
Insert into SEAT (SEAT_PK,SEAT_NAME,AUD_PK_NO,SEAT_NUM) values (149,'B',5,2);
Insert into SEAT (SEAT_PK,SEAT_NAME,AUD_PK_NO,SEAT_NUM) values (150,'B',5,3);
Insert into SEAT (SEAT_PK,SEAT_NAME,AUD_PK_NO,SEAT_NUM) values (151,'B',5,4);
Insert into SEAT (SEAT_PK,SEAT_NAME,AUD_PK_NO,SEAT_NUM) values (152,'B',5,5);
Insert into SEAT (SEAT_PK,SEAT_NAME,AUD_PK_NO,SEAT_NUM) values (153,'B',5,6);
Insert into SEAT (SEAT_PK,SEAT_NAME,AUD_PK_NO,SEAT_NUM) values (154,'B',5,7);
Insert into SEAT (SEAT_PK,SEAT_NAME,AUD_PK_NO,SEAT_NUM) values (155,'C',5,1);
Insert into SEAT (SEAT_PK,SEAT_NAME,AUD_PK_NO,SEAT_NUM) values (156,'C',5,2);
Insert into SEAT (SEAT_PK,SEAT_NAME,AUD_PK_NO,SEAT_NUM) values (157,'C',5,3);
Insert into SEAT (SEAT_PK,SEAT_NAME,AUD_PK_NO,SEAT_NUM) values (158,'C',5,4);
Insert into SEAT (SEAT_PK,SEAT_NAME,AUD_PK_NO,SEAT_NUM) values (159,'C',5,5);
Insert into SEAT (SEAT_PK,SEAT_NAME,AUD_PK_NO,SEAT_NUM) values (160,'C',5,6);
Insert into SEAT (SEAT_PK,SEAT_NAME,AUD_PK_NO,SEAT_NUM) values (161,'C',5,7);
Insert into SEAT (SEAT_PK,SEAT_NAME,AUD_PK_NO,SEAT_NUM) values (162,'D',5,1);
Insert into SEAT (SEAT_PK,SEAT_NAME,AUD_PK_NO,SEAT_NUM) values (163,'D',5,2);
Insert into SEAT (SEAT_PK,SEAT_NAME,AUD_PK_NO,SEAT_NUM) values (164,'D',5,3);
Insert into SEAT (SEAT_PK,SEAT_NAME,AUD_PK_NO,SEAT_NUM) values (165,'D',5,4);
Insert into SEAT (SEAT_PK,SEAT_NAME,AUD_PK_NO,SEAT_NUM) values (166,'D',5,5);
Insert into SEAT (SEAT_PK,SEAT_NAME,AUD_PK_NO,SEAT_NUM) values (167,'D',5,6);
Insert into SEAT (SEAT_PK,SEAT_NAME,AUD_PK_NO,SEAT_NUM) values (168,'D',5,7);
Insert into SEAT (SEAT_PK,SEAT_NAME,AUD_PK_NO,SEAT_NUM) values (169,'E',5,1);
Insert into SEAT (SEAT_PK,SEAT_NAME,AUD_PK_NO,SEAT_NUM) values (170,'E',5,2);
Insert into SEAT (SEAT_PK,SEAT_NAME,AUD_PK_NO,SEAT_NUM) values (171,'E',5,3);
Insert into SEAT (SEAT_PK,SEAT_NAME,AUD_PK_NO,SEAT_NUM) values (172,'E',5,4);
Insert into SEAT (SEAT_PK,SEAT_NAME,AUD_PK_NO,SEAT_NUM) values (173,'E',5,5);
Insert into SEAT (SEAT_PK,SEAT_NAME,AUD_PK_NO,SEAT_NUM) values (174,'E',5,6);
Insert into SEAT (SEAT_PK,SEAT_NAME,AUD_PK_NO,SEAT_NUM) values (175,'E',5,7);
Insert into SEAT (SEAT_PK,SEAT_NAME,AUD_PK_NO,SEAT_NUM) values (176,'A',6,1);
Insert into SEAT (SEAT_PK,SEAT_NAME,AUD_PK_NO,SEAT_NUM) values (177,'A',6,2);
Insert into SEAT (SEAT_PK,SEAT_NAME,AUD_PK_NO,SEAT_NUM) values (178,'A',6,3);
Insert into SEAT (SEAT_PK,SEAT_NAME,AUD_PK_NO,SEAT_NUM) values (179,'A',6,4);
Insert into SEAT (SEAT_PK,SEAT_NAME,AUD_PK_NO,SEAT_NUM) values (180,'A',6,5);
Insert into SEAT (SEAT_PK,SEAT_NAME,AUD_PK_NO,SEAT_NUM) values (181,'A',6,6);
Insert into SEAT (SEAT_PK,SEAT_NAME,AUD_PK_NO,SEAT_NUM) values (182,'A',6,7);
Insert into SEAT (SEAT_PK,SEAT_NAME,AUD_PK_NO,SEAT_NUM) values (183,'B',6,1);
Insert into SEAT (SEAT_PK,SEAT_NAME,AUD_PK_NO,SEAT_NUM) values (184,'B',6,2);
Insert into SEAT (SEAT_PK,SEAT_NAME,AUD_PK_NO,SEAT_NUM) values (185,'B',6,3);
Insert into SEAT (SEAT_PK,SEAT_NAME,AUD_PK_NO,SEAT_NUM) values (186,'B',6,4);
Insert into SEAT (SEAT_PK,SEAT_NAME,AUD_PK_NO,SEAT_NUM) values (187,'B',6,5);
Insert into SEAT (SEAT_PK,SEAT_NAME,AUD_PK_NO,SEAT_NUM) values (188,'B',6,6);
Insert into SEAT (SEAT_PK,SEAT_NAME,AUD_PK_NO,SEAT_NUM) values (189,'B',6,7);
Insert into SEAT (SEAT_PK,SEAT_NAME,AUD_PK_NO,SEAT_NUM) values (190,'C',6,1);
Insert into SEAT (SEAT_PK,SEAT_NAME,AUD_PK_NO,SEAT_NUM) values (191,'C',6,2);
Insert into SEAT (SEAT_PK,SEAT_NAME,AUD_PK_NO,SEAT_NUM) values (192,'C',6,3);
Insert into SEAT (SEAT_PK,SEAT_NAME,AUD_PK_NO,SEAT_NUM) values (193,'C',6,4);
Insert into SEAT (SEAT_PK,SEAT_NAME,AUD_PK_NO,SEAT_NUM) values (194,'C',6,5);
Insert into SEAT (SEAT_PK,SEAT_NAME,AUD_PK_NO,SEAT_NUM) values (195,'C',6,6);
Insert into SEAT (SEAT_PK,SEAT_NAME,AUD_PK_NO,SEAT_NUM) values (196,'C',6,7);
Insert into SEAT (SEAT_PK,SEAT_NAME,AUD_PK_NO,SEAT_NUM) values (197,'D',6,1);
Insert into SEAT (SEAT_PK,SEAT_NAME,AUD_PK_NO,SEAT_NUM) values (198,'D',6,2);
Insert into SEAT (SEAT_PK,SEAT_NAME,AUD_PK_NO,SEAT_NUM) values (199,'D',6,3);
Insert into SEAT (SEAT_PK,SEAT_NAME,AUD_PK_NO,SEAT_NUM) values (200,'D',6,4);
Insert into SEAT (SEAT_PK,SEAT_NAME,AUD_PK_NO,SEAT_NUM) values (201,'D',6,5);
Insert into SEAT (SEAT_PK,SEAT_NAME,AUD_PK_NO,SEAT_NUM) values (202,'D',6,6);
Insert into SEAT (SEAT_PK,SEAT_NAME,AUD_PK_NO,SEAT_NUM) values (203,'D',6,7);
Insert into SEAT (SEAT_PK,SEAT_NAME,AUD_PK_NO,SEAT_NUM) values (204,'E',6,1);
Insert into SEAT (SEAT_PK,SEAT_NAME,AUD_PK_NO,SEAT_NUM) values (205,'E',6,2);
Insert into SEAT (SEAT_PK,SEAT_NAME,AUD_PK_NO,SEAT_NUM) values (206,'E',6,3);
Insert into SEAT (SEAT_PK,SEAT_NAME,AUD_PK_NO,SEAT_NUM) values (207,'E',6,4);
Insert into SEAT (SEAT_PK,SEAT_NAME,AUD_PK_NO,SEAT_NUM) values (208,'E',6,5);
Insert into SEAT (SEAT_PK,SEAT_NAME,AUD_PK_NO,SEAT_NUM) values (209,'E',6,6);
Insert into SEAT (SEAT_PK,SEAT_NAME,AUD_PK_NO,SEAT_NUM) values (210,'E',6,7);
Insert into SEAT (SEAT_PK,SEAT_NAME,AUD_PK_NO,SEAT_NUM) values (211,'A',7,1);
Insert into SEAT (SEAT_PK,SEAT_NAME,AUD_PK_NO,SEAT_NUM) values (212,'A',7,2);
Insert into SEAT (SEAT_PK,SEAT_NAME,AUD_PK_NO,SEAT_NUM) values (213,'A',7,3);
Insert into SEAT (SEAT_PK,SEAT_NAME,AUD_PK_NO,SEAT_NUM) values (214,'A',7,4);
Insert into SEAT (SEAT_PK,SEAT_NAME,AUD_PK_NO,SEAT_NUM) values (215,'A',7,5);
Insert into SEAT (SEAT_PK,SEAT_NAME,AUD_PK_NO,SEAT_NUM) values (216,'A',7,6);
Insert into SEAT (SEAT_PK,SEAT_NAME,AUD_PK_NO,SEAT_NUM) values (217,'A',7,7);
Insert into SEAT (SEAT_PK,SEAT_NAME,AUD_PK_NO,SEAT_NUM) values (218,'B',7,1);
Insert into SEAT (SEAT_PK,SEAT_NAME,AUD_PK_NO,SEAT_NUM) values (219,'B',7,2);
Insert into SEAT (SEAT_PK,SEAT_NAME,AUD_PK_NO,SEAT_NUM) values (220,'B',7,3);
Insert into SEAT (SEAT_PK,SEAT_NAME,AUD_PK_NO,SEAT_NUM) values (221,'B',7,4);
Insert into SEAT (SEAT_PK,SEAT_NAME,AUD_PK_NO,SEAT_NUM) values (222,'B',7,5);
Insert into SEAT (SEAT_PK,SEAT_NAME,AUD_PK_NO,SEAT_NUM) values (223,'B',7,6);
Insert into SEAT (SEAT_PK,SEAT_NAME,AUD_PK_NO,SEAT_NUM) values (224,'B',7,7);
Insert into SEAT (SEAT_PK,SEAT_NAME,AUD_PK_NO,SEAT_NUM) values (225,'C',7,1);
Insert into SEAT (SEAT_PK,SEAT_NAME,AUD_PK_NO,SEAT_NUM) values (226,'C',7,2);
Insert into SEAT (SEAT_PK,SEAT_NAME,AUD_PK_NO,SEAT_NUM) values (227,'C',7,3);
Insert into SEAT (SEAT_PK,SEAT_NAME,AUD_PK_NO,SEAT_NUM) values (228,'C',7,4);
Insert into SEAT (SEAT_PK,SEAT_NAME,AUD_PK_NO,SEAT_NUM) values (229,'C',7,5);
Insert into SEAT (SEAT_PK,SEAT_NAME,AUD_PK_NO,SEAT_NUM) values (230,'C',7,6);
Insert into SEAT (SEAT_PK,SEAT_NAME,AUD_PK_NO,SEAT_NUM) values (231,'C',7,7);
Insert into SEAT (SEAT_PK,SEAT_NAME,AUD_PK_NO,SEAT_NUM) values (232,'D',7,1);
Insert into SEAT (SEAT_PK,SEAT_NAME,AUD_PK_NO,SEAT_NUM) values (233,'D',7,2);
Insert into SEAT (SEAT_PK,SEAT_NAME,AUD_PK_NO,SEAT_NUM) values (234,'D',7,3);
Insert into SEAT (SEAT_PK,SEAT_NAME,AUD_PK_NO,SEAT_NUM) values (235,'D',7,4);
Insert into SEAT (SEAT_PK,SEAT_NAME,AUD_PK_NO,SEAT_NUM) values (236,'D',7,5);
Insert into SEAT (SEAT_PK,SEAT_NAME,AUD_PK_NO,SEAT_NUM) values (237,'D',7,6);
Insert into SEAT (SEAT_PK,SEAT_NAME,AUD_PK_NO,SEAT_NUM) values (238,'D',7,7);
Insert into SEAT (SEAT_PK,SEAT_NAME,AUD_PK_NO,SEAT_NUM) values (239,'E',7,1);
Insert into SEAT (SEAT_PK,SEAT_NAME,AUD_PK_NO,SEAT_NUM) values (240,'E',7,2);
Insert into SEAT (SEAT_PK,SEAT_NAME,AUD_PK_NO,SEAT_NUM) values (241,'E',7,3);
Insert into SEAT (SEAT_PK,SEAT_NAME,AUD_PK_NO,SEAT_NUM) values (242,'E',7,4);
Insert into SEAT (SEAT_PK,SEAT_NAME,AUD_PK_NO,SEAT_NUM) values (243,'E',7,5);
Insert into SEAT (SEAT_PK,SEAT_NAME,AUD_PK_NO,SEAT_NUM) values (244,'E',7,6);
Insert into SEAT (SEAT_PK,SEAT_NAME,AUD_PK_NO,SEAT_NUM) values (245,'E',7,7);
Insert into SEAT (SEAT_PK,SEAT_NAME,AUD_PK_NO,SEAT_NUM) values (246,'A',8,1);
Insert into SEAT (SEAT_PK,SEAT_NAME,AUD_PK_NO,SEAT_NUM) values (247,'A',8,2);
Insert into SEAT (SEAT_PK,SEAT_NAME,AUD_PK_NO,SEAT_NUM) values (248,'A',8,3);
Insert into SEAT (SEAT_PK,SEAT_NAME,AUD_PK_NO,SEAT_NUM) values (249,'A',8,4);
Insert into SEAT (SEAT_PK,SEAT_NAME,AUD_PK_NO,SEAT_NUM) values (250,'A',8,5);
Insert into SEAT (SEAT_PK,SEAT_NAME,AUD_PK_NO,SEAT_NUM) values (251,'A',8,6);
Insert into SEAT (SEAT_PK,SEAT_NAME,AUD_PK_NO,SEAT_NUM) values (252,'A',8,7);
Insert into SEAT (SEAT_PK,SEAT_NAME,AUD_PK_NO,SEAT_NUM) values (253,'B',8,1);
Insert into SEAT (SEAT_PK,SEAT_NAME,AUD_PK_NO,SEAT_NUM) values (254,'B',8,2);
Insert into SEAT (SEAT_PK,SEAT_NAME,AUD_PK_NO,SEAT_NUM) values (255,'B',8,3);
Insert into SEAT (SEAT_PK,SEAT_NAME,AUD_PK_NO,SEAT_NUM) values (256,'B',8,4);
Insert into SEAT (SEAT_PK,SEAT_NAME,AUD_PK_NO,SEAT_NUM) values (257,'B',8,5);
Insert into SEAT (SEAT_PK,SEAT_NAME,AUD_PK_NO,SEAT_NUM) values (258,'B',8,6);
Insert into SEAT (SEAT_PK,SEAT_NAME,AUD_PK_NO,SEAT_NUM) values (259,'B',8,7);
Insert into SEAT (SEAT_PK,SEAT_NAME,AUD_PK_NO,SEAT_NUM) values (260,'C',8,1);
Insert into SEAT (SEAT_PK,SEAT_NAME,AUD_PK_NO,SEAT_NUM) values (261,'C',8,2);
Insert into SEAT (SEAT_PK,SEAT_NAME,AUD_PK_NO,SEAT_NUM) values (262,'C',8,3);
Insert into SEAT (SEAT_PK,SEAT_NAME,AUD_PK_NO,SEAT_NUM) values (263,'C',8,4);
Insert into SEAT (SEAT_PK,SEAT_NAME,AUD_PK_NO,SEAT_NUM) values (264,'C',8,5);
Insert into SEAT (SEAT_PK,SEAT_NAME,AUD_PK_NO,SEAT_NUM) values (265,'C',8,6);
Insert into SEAT (SEAT_PK,SEAT_NAME,AUD_PK_NO,SEAT_NUM) values (266,'C',8,7);
Insert into SEAT (SEAT_PK,SEAT_NAME,AUD_PK_NO,SEAT_NUM) values (267,'D',8,1);
Insert into SEAT (SEAT_PK,SEAT_NAME,AUD_PK_NO,SEAT_NUM) values (268,'D',8,2);
Insert into SEAT (SEAT_PK,SEAT_NAME,AUD_PK_NO,SEAT_NUM) values (269,'D',8,3);
Insert into SEAT (SEAT_PK,SEAT_NAME,AUD_PK_NO,SEAT_NUM) values (270,'D',8,4);
Insert into SEAT (SEAT_PK,SEAT_NAME,AUD_PK_NO,SEAT_NUM) values (271,'D',8,5);
Insert into SEAT (SEAT_PK,SEAT_NAME,AUD_PK_NO,SEAT_NUM) values (272,'D',8,6);
Insert into SEAT (SEAT_PK,SEAT_NAME,AUD_PK_NO,SEAT_NUM) values (273,'D',8,7);
Insert into SEAT (SEAT_PK,SEAT_NAME,AUD_PK_NO,SEAT_NUM) values (274,'E',8,1);
Insert into SEAT (SEAT_PK,SEAT_NAME,AUD_PK_NO,SEAT_NUM) values (275,'E',8,2);
Insert into SEAT (SEAT_PK,SEAT_NAME,AUD_PK_NO,SEAT_NUM) values (276,'E',8,3);
Insert into SEAT (SEAT_PK,SEAT_NAME,AUD_PK_NO,SEAT_NUM) values (277,'E',8,4);
Insert into SEAT (SEAT_PK,SEAT_NAME,AUD_PK_NO,SEAT_NUM) values (278,'E',8,5);
Insert into SEAT (SEAT_PK,SEAT_NAME,AUD_PK_NO,SEAT_NUM) values (279,'E',8,6);
Insert into SEAT (SEAT_PK,SEAT_NAME,AUD_PK_NO,SEAT_NUM) values (280,'E',8,7);
Insert into SEAT (SEAT_PK,SEAT_NAME,AUD_PK_NO,SEAT_NUM) values (281,'A',9,1);
Insert into SEAT (SEAT_PK,SEAT_NAME,AUD_PK_NO,SEAT_NUM) values (282,'A',9,2);
Insert into SEAT (SEAT_PK,SEAT_NAME,AUD_PK_NO,SEAT_NUM) values (283,'A',9,3);
Insert into SEAT (SEAT_PK,SEAT_NAME,AUD_PK_NO,SEAT_NUM) values (284,'A',9,4);
Insert into SEAT (SEAT_PK,SEAT_NAME,AUD_PK_NO,SEAT_NUM) values (285,'A',9,5);
Insert into SEAT (SEAT_PK,SEAT_NAME,AUD_PK_NO,SEAT_NUM) values (286,'A',9,6);
Insert into SEAT (SEAT_PK,SEAT_NAME,AUD_PK_NO,SEAT_NUM) values (287,'A',9,7);
Insert into SEAT (SEAT_PK,SEAT_NAME,AUD_PK_NO,SEAT_NUM) values (288,'B',9,1);
Insert into SEAT (SEAT_PK,SEAT_NAME,AUD_PK_NO,SEAT_NUM) values (289,'B',9,2);
Insert into SEAT (SEAT_PK,SEAT_NAME,AUD_PK_NO,SEAT_NUM) values (290,'B',9,3);
Insert into SEAT (SEAT_PK,SEAT_NAME,AUD_PK_NO,SEAT_NUM) values (291,'B',9,4);
Insert into SEAT (SEAT_PK,SEAT_NAME,AUD_PK_NO,SEAT_NUM) values (292,'B',9,5);
Insert into SEAT (SEAT_PK,SEAT_NAME,AUD_PK_NO,SEAT_NUM) values (293,'B',9,6);
Insert into SEAT (SEAT_PK,SEAT_NAME,AUD_PK_NO,SEAT_NUM) values (294,'B',9,7);
Insert into SEAT (SEAT_PK,SEAT_NAME,AUD_PK_NO,SEAT_NUM) values (295,'C',9,1);
Insert into SEAT (SEAT_PK,SEAT_NAME,AUD_PK_NO,SEAT_NUM) values (296,'C',9,2);
Insert into SEAT (SEAT_PK,SEAT_NAME,AUD_PK_NO,SEAT_NUM) values (297,'C',9,3);
Insert into SEAT (SEAT_PK,SEAT_NAME,AUD_PK_NO,SEAT_NUM) values (298,'C',9,4);
Insert into SEAT (SEAT_PK,SEAT_NAME,AUD_PK_NO,SEAT_NUM) values (299,'C',9,5);
Insert into SEAT (SEAT_PK,SEAT_NAME,AUD_PK_NO,SEAT_NUM) values (300,'C',9,6);
Insert into SEAT (SEAT_PK,SEAT_NAME,AUD_PK_NO,SEAT_NUM) values (301,'C',9,7);
Insert into SEAT (SEAT_PK,SEAT_NAME,AUD_PK_NO,SEAT_NUM) values (302,'D',9,1);
Insert into SEAT (SEAT_PK,SEAT_NAME,AUD_PK_NO,SEAT_NUM) values (303,'D',9,2);
Insert into SEAT (SEAT_PK,SEAT_NAME,AUD_PK_NO,SEAT_NUM) values (304,'D',9,3);
Insert into SEAT (SEAT_PK,SEAT_NAME,AUD_PK_NO,SEAT_NUM) values (305,'D',9,4);
Insert into SEAT (SEAT_PK,SEAT_NAME,AUD_PK_NO,SEAT_NUM) values (306,'D',9,5);
Insert into SEAT (SEAT_PK,SEAT_NAME,AUD_PK_NO,SEAT_NUM) values (307,'D',9,6);
Insert into SEAT (SEAT_PK,SEAT_NAME,AUD_PK_NO,SEAT_NUM) values (308,'D',9,7);
Insert into SEAT (SEAT_PK,SEAT_NAME,AUD_PK_NO,SEAT_NUM) values (309,'E',9,1);
Insert into SEAT (SEAT_PK,SEAT_NAME,AUD_PK_NO,SEAT_NUM) values (310,'E',9,2);
Insert into SEAT (SEAT_PK,SEAT_NAME,AUD_PK_NO,SEAT_NUM) values (311,'E',9,3);
Insert into SEAT (SEAT_PK,SEAT_NAME,AUD_PK_NO,SEAT_NUM) values (312,'E',9,4);
Insert into SEAT (SEAT_PK,SEAT_NAME,AUD_PK_NO,SEAT_NUM) values (313,'E',9,5);
Insert into SEAT (SEAT_PK,SEAT_NAME,AUD_PK_NO,SEAT_NUM) values (314,'E',9,6);
Insert into SEAT (SEAT_PK,SEAT_NAME,AUD_PK_NO,SEAT_NUM) values (315,'E',9,7);
Insert into SEAT (SEAT_PK,SEAT_NAME,AUD_PK_NO,SEAT_NUM) values (316,'A',10,1);
Insert into SEAT (SEAT_PK,SEAT_NAME,AUD_PK_NO,SEAT_NUM) values (317,'A',10,2);
Insert into SEAT (SEAT_PK,SEAT_NAME,AUD_PK_NO,SEAT_NUM) values (318,'A',10,3);
Insert into SEAT (SEAT_PK,SEAT_NAME,AUD_PK_NO,SEAT_NUM) values (319,'A',10,4);
Insert into SEAT (SEAT_PK,SEAT_NAME,AUD_PK_NO,SEAT_NUM) values (320,'A',10,5);
Insert into SEAT (SEAT_PK,SEAT_NAME,AUD_PK_NO,SEAT_NUM) values (321,'A',10,6);
Insert into SEAT (SEAT_PK,SEAT_NAME,AUD_PK_NO,SEAT_NUM) values (322,'A',10,7);
Insert into SEAT (SEAT_PK,SEAT_NAME,AUD_PK_NO,SEAT_NUM) values (323,'B',10,1);
Insert into SEAT (SEAT_PK,SEAT_NAME,AUD_PK_NO,SEAT_NUM) values (324,'B',10,2);
Insert into SEAT (SEAT_PK,SEAT_NAME,AUD_PK_NO,SEAT_NUM) values (325,'B',10,3);
Insert into SEAT (SEAT_PK,SEAT_NAME,AUD_PK_NO,SEAT_NUM) values (326,'B',10,4);
Insert into SEAT (SEAT_PK,SEAT_NAME,AUD_PK_NO,SEAT_NUM) values (327,'B',10,5);
Insert into SEAT (SEAT_PK,SEAT_NAME,AUD_PK_NO,SEAT_NUM) values (328,'B',10,6);
Insert into SEAT (SEAT_PK,SEAT_NAME,AUD_PK_NO,SEAT_NUM) values (329,'B',10,7);
Insert into SEAT (SEAT_PK,SEAT_NAME,AUD_PK_NO,SEAT_NUM) values (330,'C',10,1);
Insert into SEAT (SEAT_PK,SEAT_NAME,AUD_PK_NO,SEAT_NUM) values (331,'C',10,2);
Insert into SEAT (SEAT_PK,SEAT_NAME,AUD_PK_NO,SEAT_NUM) values (332,'C',10,3);
Insert into SEAT (SEAT_PK,SEAT_NAME,AUD_PK_NO,SEAT_NUM) values (333,'C',10,4);
Insert into SEAT (SEAT_PK,SEAT_NAME,AUD_PK_NO,SEAT_NUM) values (334,'C',10,5);
Insert into SEAT (SEAT_PK,SEAT_NAME,AUD_PK_NO,SEAT_NUM) values (335,'C',10,6);
Insert into SEAT (SEAT_PK,SEAT_NAME,AUD_PK_NO,SEAT_NUM) values (336,'C',10,7);
Insert into SEAT (SEAT_PK,SEAT_NAME,AUD_PK_NO,SEAT_NUM) values (337,'D',10,1);
Insert into SEAT (SEAT_PK,SEAT_NAME,AUD_PK_NO,SEAT_NUM) values (338,'D',10,2);
Insert into SEAT (SEAT_PK,SEAT_NAME,AUD_PK_NO,SEAT_NUM) values (339,'D',10,3);
Insert into SEAT (SEAT_PK,SEAT_NAME,AUD_PK_NO,SEAT_NUM) values (340,'D',10,4);
Insert into SEAT (SEAT_PK,SEAT_NAME,AUD_PK_NO,SEAT_NUM) values (341,'D',10,5);
Insert into SEAT (SEAT_PK,SEAT_NAME,AUD_PK_NO,SEAT_NUM) values (342,'D',10,6);
Insert into SEAT (SEAT_PK,SEAT_NAME,AUD_PK_NO,SEAT_NUM) values (343,'D',10,7);
Insert into SEAT (SEAT_PK,SEAT_NAME,AUD_PK_NO,SEAT_NUM) values (344,'E',10,1);
Insert into SEAT (SEAT_PK,SEAT_NAME,AUD_PK_NO,SEAT_NUM) values (345,'E',10,2);
Insert into SEAT (SEAT_PK,SEAT_NAME,AUD_PK_NO,SEAT_NUM) values (346,'E',10,3);
Insert into SEAT (SEAT_PK,SEAT_NAME,AUD_PK_NO,SEAT_NUM) values (347,'E',10,4);
Insert into SEAT (SEAT_PK,SEAT_NAME,AUD_PK_NO,SEAT_NUM) values (348,'E',10,5);
Insert into SEAT (SEAT_PK,SEAT_NAME,AUD_PK_NO,SEAT_NUM) values (349,'E',10,6);
Insert into SEAT (SEAT_PK,SEAT_NAME,AUD_PK_NO,SEAT_NUM) values (350,'E',10,7);
Insert into SEAT (SEAT_PK,SEAT_NAME,AUD_PK_NO,SEAT_NUM) values (351,'A',11,1);
Insert into SEAT (SEAT_PK,SEAT_NAME,AUD_PK_NO,SEAT_NUM) values (352,'A',11,2);
Insert into SEAT (SEAT_PK,SEAT_NAME,AUD_PK_NO,SEAT_NUM) values (353,'A',11,3);
Insert into SEAT (SEAT_PK,SEAT_NAME,AUD_PK_NO,SEAT_NUM) values (354,'A',11,4);
Insert into SEAT (SEAT_PK,SEAT_NAME,AUD_PK_NO,SEAT_NUM) values (355,'A',11,5);
Insert into SEAT (SEAT_PK,SEAT_NAME,AUD_PK_NO,SEAT_NUM) values (356,'A',11,6);
Insert into SEAT (SEAT_PK,SEAT_NAME,AUD_PK_NO,SEAT_NUM) values (357,'A',11,7);
Insert into SEAT (SEAT_PK,SEAT_NAME,AUD_PK_NO,SEAT_NUM) values (358,'B',11,1);
Insert into SEAT (SEAT_PK,SEAT_NAME,AUD_PK_NO,SEAT_NUM) values (359,'B',11,2);
Insert into SEAT (SEAT_PK,SEAT_NAME,AUD_PK_NO,SEAT_NUM) values (360,'B',11,3);
Insert into SEAT (SEAT_PK,SEAT_NAME,AUD_PK_NO,SEAT_NUM) values (361,'B',11,4);
Insert into SEAT (SEAT_PK,SEAT_NAME,AUD_PK_NO,SEAT_NUM) values (362,'B',11,5);
Insert into SEAT (SEAT_PK,SEAT_NAME,AUD_PK_NO,SEAT_NUM) values (363,'B',11,6);
Insert into SEAT (SEAT_PK,SEAT_NAME,AUD_PK_NO,SEAT_NUM) values (364,'B',11,7);
Insert into SEAT (SEAT_PK,SEAT_NAME,AUD_PK_NO,SEAT_NUM) values (365,'C',11,1);
Insert into SEAT (SEAT_PK,SEAT_NAME,AUD_PK_NO,SEAT_NUM) values (366,'C',11,2);
Insert into SEAT (SEAT_PK,SEAT_NAME,AUD_PK_NO,SEAT_NUM) values (367,'C',11,3);
Insert into SEAT (SEAT_PK,SEAT_NAME,AUD_PK_NO,SEAT_NUM) values (368,'C',11,4);
Insert into SEAT (SEAT_PK,SEAT_NAME,AUD_PK_NO,SEAT_NUM) values (369,'C',11,5);
Insert into SEAT (SEAT_PK,SEAT_NAME,AUD_PK_NO,SEAT_NUM) values (370,'C',11,6);
Insert into SEAT (SEAT_PK,SEAT_NAME,AUD_PK_NO,SEAT_NUM) values (371,'C',11,7);
Insert into SEAT (SEAT_PK,SEAT_NAME,AUD_PK_NO,SEAT_NUM) values (372,'D',11,1);
Insert into SEAT (SEAT_PK,SEAT_NAME,AUD_PK_NO,SEAT_NUM) values (373,'D',11,2);
Insert into SEAT (SEAT_PK,SEAT_NAME,AUD_PK_NO,SEAT_NUM) values (374,'D',11,3);
Insert into SEAT (SEAT_PK,SEAT_NAME,AUD_PK_NO,SEAT_NUM) values (375,'D',11,4);
Insert into SEAT (SEAT_PK,SEAT_NAME,AUD_PK_NO,SEAT_NUM) values (376,'D',11,5);
Insert into SEAT (SEAT_PK,SEAT_NAME,AUD_PK_NO,SEAT_NUM) values (377,'D',11,6);
Insert into SEAT (SEAT_PK,SEAT_NAME,AUD_PK_NO,SEAT_NUM) values (378,'D',11,7);
Insert into SEAT (SEAT_PK,SEAT_NAME,AUD_PK_NO,SEAT_NUM) values (379,'E',11,1);
Insert into SEAT (SEAT_PK,SEAT_NAME,AUD_PK_NO,SEAT_NUM) values (380,'E',11,2);
Insert into SEAT (SEAT_PK,SEAT_NAME,AUD_PK_NO,SEAT_NUM) values (381,'E',11,3);
Insert into SEAT (SEAT_PK,SEAT_NAME,AUD_PK_NO,SEAT_NUM) values (382,'E',11,4);
Insert into SEAT (SEAT_PK,SEAT_NAME,AUD_PK_NO,SEAT_NUM) values (383,'E',11,5);
Insert into SEAT (SEAT_PK,SEAT_NAME,AUD_PK_NO,SEAT_NUM) values (384,'E',11,6);
Insert into SEAT (SEAT_PK,SEAT_NAME,AUD_PK_NO,SEAT_NUM) values (385,'E',11,7);
Insert into SEAT (SEAT_PK,SEAT_NAME,AUD_PK_NO,SEAT_NUM) values (386,'A',12,1);
Insert into SEAT (SEAT_PK,SEAT_NAME,AUD_PK_NO,SEAT_NUM) values (387,'A',12,2);
Insert into SEAT (SEAT_PK,SEAT_NAME,AUD_PK_NO,SEAT_NUM) values (388,'A',12,3);
Insert into SEAT (SEAT_PK,SEAT_NAME,AUD_PK_NO,SEAT_NUM) values (389,'A',12,4);
Insert into SEAT (SEAT_PK,SEAT_NAME,AUD_PK_NO,SEAT_NUM) values (390,'A',12,5);
Insert into SEAT (SEAT_PK,SEAT_NAME,AUD_PK_NO,SEAT_NUM) values (391,'A',12,6);
Insert into SEAT (SEAT_PK,SEAT_NAME,AUD_PK_NO,SEAT_NUM) values (392,'A',12,7);
Insert into SEAT (SEAT_PK,SEAT_NAME,AUD_PK_NO,SEAT_NUM) values (393,'B',12,1);
Insert into SEAT (SEAT_PK,SEAT_NAME,AUD_PK_NO,SEAT_NUM) values (394,'B',12,2);
Insert into SEAT (SEAT_PK,SEAT_NAME,AUD_PK_NO,SEAT_NUM) values (395,'B',12,3);
Insert into SEAT (SEAT_PK,SEAT_NAME,AUD_PK_NO,SEAT_NUM) values (396,'B',12,4);
Insert into SEAT (SEAT_PK,SEAT_NAME,AUD_PK_NO,SEAT_NUM) values (397,'B',12,5);
Insert into SEAT (SEAT_PK,SEAT_NAME,AUD_PK_NO,SEAT_NUM) values (398,'B',12,6);
Insert into SEAT (SEAT_PK,SEAT_NAME,AUD_PK_NO,SEAT_NUM) values (399,'B',12,7);
Insert into SEAT (SEAT_PK,SEAT_NAME,AUD_PK_NO,SEAT_NUM) values (400,'C',12,1);
Insert into SEAT (SEAT_PK,SEAT_NAME,AUD_PK_NO,SEAT_NUM) values (401,'C',12,2);
Insert into SEAT (SEAT_PK,SEAT_NAME,AUD_PK_NO,SEAT_NUM) values (402,'C',12,3);
Insert into SEAT (SEAT_PK,SEAT_NAME,AUD_PK_NO,SEAT_NUM) values (403,'C',12,4);
Insert into SEAT (SEAT_PK,SEAT_NAME,AUD_PK_NO,SEAT_NUM) values (404,'C',12,5);
Insert into SEAT (SEAT_PK,SEAT_NAME,AUD_PK_NO,SEAT_NUM) values (405,'C',12,6);
Insert into SEAT (SEAT_PK,SEAT_NAME,AUD_PK_NO,SEAT_NUM) values (406,'C',12,7);
Insert into SEAT (SEAT_PK,SEAT_NAME,AUD_PK_NO,SEAT_NUM) values (407,'D',12,1);
Insert into SEAT (SEAT_PK,SEAT_NAME,AUD_PK_NO,SEAT_NUM) values (408,'D',12,2);
Insert into SEAT (SEAT_PK,SEAT_NAME,AUD_PK_NO,SEAT_NUM) values (409,'D',12,3);
Insert into SEAT (SEAT_PK,SEAT_NAME,AUD_PK_NO,SEAT_NUM) values (410,'D',12,4);
Insert into SEAT (SEAT_PK,SEAT_NAME,AUD_PK_NO,SEAT_NUM) values (411,'D',12,5);
Insert into SEAT (SEAT_PK,SEAT_NAME,AUD_PK_NO,SEAT_NUM) values (412,'D',12,6);
Insert into SEAT (SEAT_PK,SEAT_NAME,AUD_PK_NO,SEAT_NUM) values (413,'D',12,7);
Insert into SEAT (SEAT_PK,SEAT_NAME,AUD_PK_NO,SEAT_NUM) values (414,'E',12,1);
Insert into SEAT (SEAT_PK,SEAT_NAME,AUD_PK_NO,SEAT_NUM) values (415,'E',12,2);
Insert into SEAT (SEAT_PK,SEAT_NAME,AUD_PK_NO,SEAT_NUM) values (416,'E',12,3);
Insert into SEAT (SEAT_PK,SEAT_NAME,AUD_PK_NO,SEAT_NUM) values (417,'E',12,4);
Insert into SEAT (SEAT_PK,SEAT_NAME,AUD_PK_NO,SEAT_NUM) values (418,'E',12,5);
Insert into SEAT (SEAT_PK,SEAT_NAME,AUD_PK_NO,SEAT_NUM) values (419,'E',12,6);
Insert into SEAT (SEAT_PK,SEAT_NAME,AUD_PK_NO,SEAT_NUM) values (420,'E',12,7);
Insert into SEAT (SEAT_PK,SEAT_NAME,AUD_PK_NO,SEAT_NUM) values (421,'A',13,1);
Insert into SEAT (SEAT_PK,SEAT_NAME,AUD_PK_NO,SEAT_NUM) values (422,'A',13,2);
Insert into SEAT (SEAT_PK,SEAT_NAME,AUD_PK_NO,SEAT_NUM) values (423,'A',13,3);
Insert into SEAT (SEAT_PK,SEAT_NAME,AUD_PK_NO,SEAT_NUM) values (424,'A',13,4);
Insert into SEAT (SEAT_PK,SEAT_NAME,AUD_PK_NO,SEAT_NUM) values (425,'A',13,5);
Insert into SEAT (SEAT_PK,SEAT_NAME,AUD_PK_NO,SEAT_NUM) values (426,'A',13,6);
Insert into SEAT (SEAT_PK,SEAT_NAME,AUD_PK_NO,SEAT_NUM) values (427,'A',13,7);
Insert into SEAT (SEAT_PK,SEAT_NAME,AUD_PK_NO,SEAT_NUM) values (428,'B',13,1);
Insert into SEAT (SEAT_PK,SEAT_NAME,AUD_PK_NO,SEAT_NUM) values (429,'B',13,2);
Insert into SEAT (SEAT_PK,SEAT_NAME,AUD_PK_NO,SEAT_NUM) values (430,'B',13,3);
Insert into SEAT (SEAT_PK,SEAT_NAME,AUD_PK_NO,SEAT_NUM) values (431,'B',13,4);
Insert into SEAT (SEAT_PK,SEAT_NAME,AUD_PK_NO,SEAT_NUM) values (432,'B',13,5);
Insert into SEAT (SEAT_PK,SEAT_NAME,AUD_PK_NO,SEAT_NUM) values (433,'B',13,6);
Insert into SEAT (SEAT_PK,SEAT_NAME,AUD_PK_NO,SEAT_NUM) values (434,'B',13,7);
Insert into SEAT (SEAT_PK,SEAT_NAME,AUD_PK_NO,SEAT_NUM) values (435,'C',13,1);
Insert into SEAT (SEAT_PK,SEAT_NAME,AUD_PK_NO,SEAT_NUM) values (436,'C',13,2);
Insert into SEAT (SEAT_PK,SEAT_NAME,AUD_PK_NO,SEAT_NUM) values (437,'C',13,3);
Insert into SEAT (SEAT_PK,SEAT_NAME,AUD_PK_NO,SEAT_NUM) values (438,'C',13,4);
Insert into SEAT (SEAT_PK,SEAT_NAME,AUD_PK_NO,SEAT_NUM) values (439,'C',13,5);
Insert into SEAT (SEAT_PK,SEAT_NAME,AUD_PK_NO,SEAT_NUM) values (440,'C',13,6);
Insert into SEAT (SEAT_PK,SEAT_NAME,AUD_PK_NO,SEAT_NUM) values (441,'C',13,7);
Insert into SEAT (SEAT_PK,SEAT_NAME,AUD_PK_NO,SEAT_NUM) values (442,'D',13,1);
Insert into SEAT (SEAT_PK,SEAT_NAME,AUD_PK_NO,SEAT_NUM) values (443,'D',13,2);
Insert into SEAT (SEAT_PK,SEAT_NAME,AUD_PK_NO,SEAT_NUM) values (444,'D',13,3);
Insert into SEAT (SEAT_PK,SEAT_NAME,AUD_PK_NO,SEAT_NUM) values (445,'D',13,4);
Insert into SEAT (SEAT_PK,SEAT_NAME,AUD_PK_NO,SEAT_NUM) values (446,'D',13,5);
Insert into SEAT (SEAT_PK,SEAT_NAME,AUD_PK_NO,SEAT_NUM) values (447,'D',13,6);
Insert into SEAT (SEAT_PK,SEAT_NAME,AUD_PK_NO,SEAT_NUM) values (448,'D',13,7);
Insert into SEAT (SEAT_PK,SEAT_NAME,AUD_PK_NO,SEAT_NUM) values (449,'E',13,1);
Insert into SEAT (SEAT_PK,SEAT_NAME,AUD_PK_NO,SEAT_NUM) values (450,'E',13,2);
Insert into SEAT (SEAT_PK,SEAT_NAME,AUD_PK_NO,SEAT_NUM) values (451,'E',13,3);
Insert into SEAT (SEAT_PK,SEAT_NAME,AUD_PK_NO,SEAT_NUM) values (452,'E',13,4);
Insert into SEAT (SEAT_PK,SEAT_NAME,AUD_PK_NO,SEAT_NUM) values (453,'E',13,5);
Insert into SEAT (SEAT_PK,SEAT_NAME,AUD_PK_NO,SEAT_NUM) values (454,'E',13,6);
Insert into SEAT (SEAT_PK,SEAT_NAME,AUD_PK_NO,SEAT_NUM) values (455,'E',13,7);
Insert into SEAT (SEAT_PK,SEAT_NAME,AUD_PK_NO,SEAT_NUM) values (456,'A',14,1);
Insert into SEAT (SEAT_PK,SEAT_NAME,AUD_PK_NO,SEAT_NUM) values (457,'A',14,2);
Insert into SEAT (SEAT_PK,SEAT_NAME,AUD_PK_NO,SEAT_NUM) values (458,'A',14,3);
Insert into SEAT (SEAT_PK,SEAT_NAME,AUD_PK_NO,SEAT_NUM) values (459,'A',14,4);
Insert into SEAT (SEAT_PK,SEAT_NAME,AUD_PK_NO,SEAT_NUM) values (460,'A',14,5);
Insert into SEAT (SEAT_PK,SEAT_NAME,AUD_PK_NO,SEAT_NUM) values (461,'A',14,6);
Insert into SEAT (SEAT_PK,SEAT_NAME,AUD_PK_NO,SEAT_NUM) values (462,'A',14,7);
Insert into SEAT (SEAT_PK,SEAT_NAME,AUD_PK_NO,SEAT_NUM) values (463,'B',14,1);
Insert into SEAT (SEAT_PK,SEAT_NAME,AUD_PK_NO,SEAT_NUM) values (464,'B',14,2);
Insert into SEAT (SEAT_PK,SEAT_NAME,AUD_PK_NO,SEAT_NUM) values (465,'B',14,3);
Insert into SEAT (SEAT_PK,SEAT_NAME,AUD_PK_NO,SEAT_NUM) values (466,'B',14,4);
Insert into SEAT (SEAT_PK,SEAT_NAME,AUD_PK_NO,SEAT_NUM) values (467,'B',14,5);
Insert into SEAT (SEAT_PK,SEAT_NAME,AUD_PK_NO,SEAT_NUM) values (468,'B',14,6);
Insert into SEAT (SEAT_PK,SEAT_NAME,AUD_PK_NO,SEAT_NUM) values (469,'B',14,7);
Insert into SEAT (SEAT_PK,SEAT_NAME,AUD_PK_NO,SEAT_NUM) values (470,'C',14,1);
Insert into SEAT (SEAT_PK,SEAT_NAME,AUD_PK_NO,SEAT_NUM) values (471,'C',14,2);
Insert into SEAT (SEAT_PK,SEAT_NAME,AUD_PK_NO,SEAT_NUM) values (472,'C',14,3);
Insert into SEAT (SEAT_PK,SEAT_NAME,AUD_PK_NO,SEAT_NUM) values (473,'C',14,4);
Insert into SEAT (SEAT_PK,SEAT_NAME,AUD_PK_NO,SEAT_NUM) values (474,'C',14,5);
Insert into SEAT (SEAT_PK,SEAT_NAME,AUD_PK_NO,SEAT_NUM) values (475,'C',14,6);
Insert into SEAT (SEAT_PK,SEAT_NAME,AUD_PK_NO,SEAT_NUM) values (476,'C',14,7);
Insert into SEAT (SEAT_PK,SEAT_NAME,AUD_PK_NO,SEAT_NUM) values (477,'D',14,1);
Insert into SEAT (SEAT_PK,SEAT_NAME,AUD_PK_NO,SEAT_NUM) values (478,'D',14,2);
Insert into SEAT (SEAT_PK,SEAT_NAME,AUD_PK_NO,SEAT_NUM) values (479,'D',14,3);
Insert into SEAT (SEAT_PK,SEAT_NAME,AUD_PK_NO,SEAT_NUM) values (480,'D',14,4);
Insert into SEAT (SEAT_PK,SEAT_NAME,AUD_PK_NO,SEAT_NUM) values (481,'D',14,5);
Insert into SEAT (SEAT_PK,SEAT_NAME,AUD_PK_NO,SEAT_NUM) values (482,'D',14,6);
Insert into SEAT (SEAT_PK,SEAT_NAME,AUD_PK_NO,SEAT_NUM) values (483,'D',14,7);
Insert into SEAT (SEAT_PK,SEAT_NAME,AUD_PK_NO,SEAT_NUM) values (484,'E',14,1);
Insert into SEAT (SEAT_PK,SEAT_NAME,AUD_PK_NO,SEAT_NUM) values (485,'E',14,2);
Insert into SEAT (SEAT_PK,SEAT_NAME,AUD_PK_NO,SEAT_NUM) values (486,'E',14,3);
Insert into SEAT (SEAT_PK,SEAT_NAME,AUD_PK_NO,SEAT_NUM) values (487,'E',14,4);
Insert into SEAT (SEAT_PK,SEAT_NAME,AUD_PK_NO,SEAT_NUM) values (488,'E',14,5);
Insert into SEAT (SEAT_PK,SEAT_NAME,AUD_PK_NO,SEAT_NUM) values (489,'E',14,6);
Insert into SEAT (SEAT_PK,SEAT_NAME,AUD_PK_NO,SEAT_NUM) values (490,'E',14,7);
REM INSERTING into STILLCUT
SET DEFINE OFF;
Insert into STILLCUT (STILLCUT_PK,STILLCUT_IMG,MOVIE_PK) values (1,'1.jpg',1);
Insert into STILLCUT (STILLCUT_PK,STILLCUT_IMG,MOVIE_PK) values (2,'2.jpg',1);
Insert into STILLCUT (STILLCUT_PK,STILLCUT_IMG,MOVIE_PK) values (3,'3.jpg',1);
Insert into STILLCUT (STILLCUT_PK,STILLCUT_IMG,MOVIE_PK) values (4,'1.jpg',2);
Insert into STILLCUT (STILLCUT_PK,STILLCUT_IMG,MOVIE_PK) values (5,'2.jpg',2);
Insert into STILLCUT (STILLCUT_PK,STILLCUT_IMG,MOVIE_PK) values (6,'3.jpg',2);
Insert into STILLCUT (STILLCUT_PK,STILLCUT_IMG,MOVIE_PK) values (7,'1.jpg',3);
Insert into STILLCUT (STILLCUT_PK,STILLCUT_IMG,MOVIE_PK) values (8,'2.jpg',3);
Insert into STILLCUT (STILLCUT_PK,STILLCUT_IMG,MOVIE_PK) values (9,'3.jpg',3);
Insert into STILLCUT (STILLCUT_PK,STILLCUT_IMG,MOVIE_PK) values (10,'1.jpg',4);
Insert into STILLCUT (STILLCUT_PK,STILLCUT_IMG,MOVIE_PK) values (11,'2.jpg',4);
Insert into STILLCUT (STILLCUT_PK,STILLCUT_IMG,MOVIE_PK) values (12,'3.jpg',4);
Insert into STILLCUT (STILLCUT_PK,STILLCUT_IMG,MOVIE_PK) values (13,'1.jpg',5);
Insert into STILLCUT (STILLCUT_PK,STILLCUT_IMG,MOVIE_PK) values (14,'2.jpg',5);
Insert into STILLCUT (STILLCUT_PK,STILLCUT_IMG,MOVIE_PK) values (15,'3.jpg',5);
Insert into STILLCUT (STILLCUT_PK,STILLCUT_IMG,MOVIE_PK) values (16,'1.jpg',6);
Insert into STILLCUT (STILLCUT_PK,STILLCUT_IMG,MOVIE_PK) values (17,'2.jpg',6);
Insert into STILLCUT (STILLCUT_PK,STILLCUT_IMG,MOVIE_PK) values (18,'3.jpg',6);
Insert into STILLCUT (STILLCUT_PK,STILLCUT_IMG,MOVIE_PK) values (19,'1.jpg',7);
Insert into STILLCUT (STILLCUT_PK,STILLCUT_IMG,MOVIE_PK) values (20,'2.jpg',7);
Insert into STILLCUT (STILLCUT_PK,STILLCUT_IMG,MOVIE_PK) values (21,'3.jpg',7);
Insert into STILLCUT (STILLCUT_PK,STILLCUT_IMG,MOVIE_PK) values (22,'1.jpg',8);
Insert into STILLCUT (STILLCUT_PK,STILLCUT_IMG,MOVIE_PK) values (23,'2.jpg',8);
Insert into STILLCUT (STILLCUT_PK,STILLCUT_IMG,MOVIE_PK) values (24,'3.jpg',8);
Insert into STILLCUT (STILLCUT_PK,STILLCUT_IMG,MOVIE_PK) values (25,'1.jpg',9);
Insert into STILLCUT (STILLCUT_PK,STILLCUT_IMG,MOVIE_PK) values (26,'2.jpg',9);
Insert into STILLCUT (STILLCUT_PK,STILLCUT_IMG,MOVIE_PK) values (27,'3.jpg',9);
Insert into STILLCUT (STILLCUT_PK,STILLCUT_IMG,MOVIE_PK) values (28,'1.jpg',10);
Insert into STILLCUT (STILLCUT_PK,STILLCUT_IMG,MOVIE_PK) values (29,'2.jpg',10);
Insert into STILLCUT (STILLCUT_PK,STILLCUT_IMG,MOVIE_PK) values (30,'3.jpg',10);
Insert into STILLCUT (STILLCUT_PK,STILLCUT_IMG,MOVIE_PK) values (31,'1.jpg',11);
Insert into STILLCUT (STILLCUT_PK,STILLCUT_IMG,MOVIE_PK) values (32,'2.jpg',11);
Insert into STILLCUT (STILLCUT_PK,STILLCUT_IMG,MOVIE_PK) values (33,'3.jpg',11);
Insert into STILLCUT (STILLCUT_PK,STILLCUT_IMG,MOVIE_PK) values (34,'1.jpg',12);
Insert into STILLCUT (STILLCUT_PK,STILLCUT_IMG,MOVIE_PK) values (35,'2.jpg',12);
Insert into STILLCUT (STILLCUT_PK,STILLCUT_IMG,MOVIE_PK) values (36,'3.jpg',12);
Insert into STILLCUT (STILLCUT_PK,STILLCUT_IMG,MOVIE_PK) values (37,'1.jpg',13);
Insert into STILLCUT (STILLCUT_PK,STILLCUT_IMG,MOVIE_PK) values (38,'2.jpg',13);
Insert into STILLCUT (STILLCUT_PK,STILLCUT_IMG,MOVIE_PK) values (39,'3.jpg',13);
Insert into STILLCUT (STILLCUT_PK,STILLCUT_IMG,MOVIE_PK) values (40,'1.jpg',14);
Insert into STILLCUT (STILLCUT_PK,STILLCUT_IMG,MOVIE_PK) values (41,'2.jpg',14);
Insert into STILLCUT (STILLCUT_PK,STILLCUT_IMG,MOVIE_PK) values (42,'3.jpg',14);
Insert into STILLCUT (STILLCUT_PK,STILLCUT_IMG,MOVIE_PK) values (43,'1.jpg',15);
Insert into STILLCUT (STILLCUT_PK,STILLCUT_IMG,MOVIE_PK) values (44,'alterStillcut1.png',15);
Insert into STILLCUT (STILLCUT_PK,STILLCUT_IMG,MOVIE_PK) values (45,'alterStillcut2.png',15);
Insert into STILLCUT (STILLCUT_PK,STILLCUT_IMG,MOVIE_PK) values (46,'1.jpg',16);
Insert into STILLCUT (STILLCUT_PK,STILLCUT_IMG,MOVIE_PK) values (47,'alterStillcut1.png',16);
Insert into STILLCUT (STILLCUT_PK,STILLCUT_IMG,MOVIE_PK) values (48,'alterStillcut2.png',16);
Insert into STILLCUT (STILLCUT_PK,STILLCUT_IMG,MOVIE_PK) values (49,'1.jpg',17);
Insert into STILLCUT (STILLCUT_PK,STILLCUT_IMG,MOVIE_PK) values (50,'alterStillcut1.png',17);
Insert into STILLCUT (STILLCUT_PK,STILLCUT_IMG,MOVIE_PK) values (51,'alterStillcut2.png',17);
Insert into STILLCUT (STILLCUT_PK,STILLCUT_IMG,MOVIE_PK) values (52,'1.jpg',18);
Insert into STILLCUT (STILLCUT_PK,STILLCUT_IMG,MOVIE_PK) values (53,'2.jpg',18);
Insert into STILLCUT (STILLCUT_PK,STILLCUT_IMG,MOVIE_PK) values (54,'alterStillcut2.png',18);
Insert into STILLCUT (STILLCUT_PK,STILLCUT_IMG,MOVIE_PK) values (55,'alterStillcut1.png',19);
Insert into STILLCUT (STILLCUT_PK,STILLCUT_IMG,MOVIE_PK) values (56,'alterStillcut2.png',19);
Insert into STILLCUT (STILLCUT_PK,STILLCUT_IMG,MOVIE_PK) values (57,'alterStillcut3.png',19);
Insert into STILLCUT (STILLCUT_PK,STILLCUT_IMG,MOVIE_PK) values (58,'alterStillcut1.png',20);
Insert into STILLCUT (STILLCUT_PK,STILLCUT_IMG,MOVIE_PK) values (59,'alterStillcut2.png',20);
Insert into STILLCUT (STILLCUT_PK,STILLCUT_IMG,MOVIE_PK) values (60,'alterStillcut3.png',20);
Insert into STILLCUT (STILLCUT_PK,STILLCUT_IMG,MOVIE_PK) values (61,'alterStillcut1.png',21);
Insert into STILLCUT (STILLCUT_PK,STILLCUT_IMG,MOVIE_PK) values (62,'alterStillcut2.png',21);
Insert into STILLCUT (STILLCUT_PK,STILLCUT_IMG,MOVIE_PK) values (63,'alterStillcut3.png',21);
Insert into STILLCUT (STILLCUT_PK,STILLCUT_IMG,MOVIE_PK) values (64,'alterStillcut1.png',22);
Insert into STILLCUT (STILLCUT_PK,STILLCUT_IMG,MOVIE_PK) values (65,'alterStillcut2.png',22);
Insert into STILLCUT (STILLCUT_PK,STILLCUT_IMG,MOVIE_PK) values (66,'alterStillcut3.png',22);
REM INSERTING into THEATER
SET DEFINE OFF;
Insert into THEATER (THEATER_PK,LOCATION,T_ADDRESS) values (1,'서울','강남');
Insert into THEATER (THEATER_PK,LOCATION,T_ADDRESS) values (2,'서울','건대');
Insert into THEATER (THEATER_PK,LOCATION,T_ADDRESS) values (3,'서울','종로');
Insert into THEATER (THEATER_PK,LOCATION,T_ADDRESS) values (4,'경기','김포');
Insert into THEATER (THEATER_PK,LOCATION,T_ADDRESS) values (5,'경기','동탄');
Insert into THEATER (THEATER_PK,LOCATION,T_ADDRESS) values (6,'강원','강릉');
Insert into THEATER (THEATER_PK,LOCATION,T_ADDRESS) values (7,'강원','원주');
Insert into THEATER (THEATER_PK,LOCATION,T_ADDRESS) values (21,'서울','화곡');
Insert into THEATER (THEATER_PK,LOCATION,T_ADDRESS) values (23,'서울','등촌');
Insert into THEATER (THEATER_PK,LOCATION,T_ADDRESS) values (24,'서울','구로');
Insert into THEATER (THEATER_PK,LOCATION,T_ADDRESS) values (25,'서울','영등포');
Insert into THEATER (THEATER_PK,LOCATION,T_ADDRESS) values (26,'서울','홍대');
Insert into THEATER (THEATER_PK,LOCATION,T_ADDRESS) values (27,'서울','여의도');
Insert into THEATER (THEATER_PK,LOCATION,T_ADDRESS) values (28,'경기','부천');
Insert into THEATER (THEATER_PK,LOCATION,T_ADDRESS) values (29,'경기','의정부');
--------------------------------------------------------
--  DDL for Index ACTORLIST_PK
--------------------------------------------------------

  CREATE UNIQUE INDEX "ACTORLIST_PK" ON "ACTOR" ("ACTOR_PK") 
  PCTFREE 10 INITRANS 2 MAXTRANS 255 COMPUTE STATISTICS 
  STORAGE(INITIAL 65536 NEXT 1048576 MINEXTENTS 1 MAXEXTENTS 2147483645
  PCTINCREASE 0 FREELISTS 1 FREELIST GROUPS 1 BUFFER_POOL DEFAULT FLASH_CACHE DEFAULT CELL_FLASH_CACHE DEFAULT)
  TABLESPACE "SYSTEM" ;
--------------------------------------------------------
--  DDL for Index AUDITORIUM_PK
--------------------------------------------------------

  CREATE UNIQUE INDEX "AUDITORIUM_PK" ON "AUDITORIUM" ("AUD_PK") 
  PCTFREE 10 INITRANS 2 MAXTRANS 255 COMPUTE STATISTICS 
  STORAGE(INITIAL 65536 NEXT 1048576 MINEXTENTS 1 MAXEXTENTS 2147483645
  PCTINCREASE 0 FREELISTS 1 FREELIST GROUPS 1 BUFFER_POOL DEFAULT FLASH_CACHE DEFAULT CELL_FLASH_CACHE DEFAULT)
  TABLESPACE "SYSTEM" ;
--------------------------------------------------------
--  DDL for Index DIRECTOR_PK
--------------------------------------------------------

  CREATE UNIQUE INDEX "DIRECTOR_PK" ON "DIRECTOR" ("DIRECTOR_PK") 
  PCTFREE 10 INITRANS 2 MAXTRANS 255 COMPUTE STATISTICS 
  STORAGE(INITIAL 65536 NEXT 1048576 MINEXTENTS 1 MAXEXTENTS 2147483645
  PCTINCREASE 0 FREELISTS 1 FREELIST GROUPS 1 BUFFER_POOL DEFAULT FLASH_CACHE DEFAULT CELL_FLASH_CACHE DEFAULT)
  TABLESPACE "SYSTEM" ;
--------------------------------------------------------
--  DDL for Index SYS_C007691
--------------------------------------------------------

  CREATE UNIQUE INDEX "SYS_C007691" ON "KAKAOMEMBER" ("USERID") 
  PCTFREE 10 INITRANS 2 MAXTRANS 255 COMPUTE STATISTICS 
  STORAGE(INITIAL 65536 NEXT 1048576 MINEXTENTS 1 MAXEXTENTS 2147483645
  PCTINCREASE 0 FREELISTS 1 FREELIST GROUPS 1 BUFFER_POOL DEFAULT FLASH_CACHE DEFAULT CELL_FLASH_CACHE DEFAULT)
  TABLESPACE "SYSTEM" ;
--------------------------------------------------------
--  DDL for Index MEMBER_PK
--------------------------------------------------------

  CREATE UNIQUE INDEX "MEMBER_PK" ON "MEMBER" ("USERID") 
  PCTFREE 10 INITRANS 2 MAXTRANS 255 COMPUTE STATISTICS 
  STORAGE(INITIAL 65536 NEXT 1048576 MINEXTENTS 1 MAXEXTENTS 2147483645
  PCTINCREASE 0 FREELISTS 1 FREELIST GROUPS 1 BUFFER_POOL DEFAULT FLASH_CACHE DEFAULT CELL_FLASH_CACHE DEFAULT)
  TABLESPACE "SYSTEM" ;
--------------------------------------------------------
--  DDL for Index MOVIE_PK
--------------------------------------------------------

  CREATE UNIQUE INDEX "MOVIE_PK" ON "MOVIE" ("MOVIE_PK") 
  PCTFREE 10 INITRANS 2 MAXTRANS 255 COMPUTE STATISTICS 
  STORAGE(INITIAL 65536 NEXT 1048576 MINEXTENTS 1 MAXEXTENTS 2147483645
  PCTINCREASE 0 FREELISTS 1 FREELIST GROUPS 1 BUFFER_POOL DEFAULT FLASH_CACHE DEFAULT CELL_FLASH_CACHE DEFAULT)
  TABLESPACE "SYSTEM" ;
--------------------------------------------------------
--  DDL for Index RESERVATION_PK
--------------------------------------------------------

  CREATE UNIQUE INDEX "RESERVATION_PK" ON "RESERVATION" ("RESERVATION_PK") 
  PCTFREE 10 INITRANS 2 MAXTRANS 255 COMPUTE STATISTICS 
  STORAGE(INITIAL 65536 NEXT 1048576 MINEXTENTS 1 MAXEXTENTS 2147483645
  PCTINCREASE 0 FREELISTS 1 FREELIST GROUPS 1 BUFFER_POOL DEFAULT FLASH_CACHE DEFAULT CELL_FLASH_CACHE DEFAULT)
  TABLESPACE "SYSTEM" ;
--------------------------------------------------------
--  DDL for Index RESERVEDSEAT_PK
--------------------------------------------------------

  CREATE UNIQUE INDEX "RESERVEDSEAT_PK" ON "RESERVEDSEAT" ("RESERVEDSEAT_PK") 
  PCTFREE 10 INITRANS 2 MAXTRANS 255 COMPUTE STATISTICS 
  STORAGE(INITIAL 65536 NEXT 1048576 MINEXTENTS 1 MAXEXTENTS 2147483645
  PCTINCREASE 0 FREELISTS 1 FREELIST GROUPS 1 BUFFER_POOL DEFAULT FLASH_CACHE DEFAULT CELL_FLASH_CACHE DEFAULT)
  TABLESPACE "SYSTEM" ;
--------------------------------------------------------
--  DDL for Index IDX_REVIEW
--------------------------------------------------------

  CREATE INDEX "IDX_REVIEW" ON "REVIEW" ("REVIEW_PK" DESC, "MOVIE_PK") 
  PCTFREE 10 INITRANS 2 MAXTRANS 255 COMPUTE STATISTICS 
  STORAGE(INITIAL 65536 NEXT 1048576 MINEXTENTS 1 MAXEXTENTS 2147483645
  PCTINCREASE 0 FREELISTS 1 FREELIST GROUPS 1 BUFFER_POOL DEFAULT FLASH_CACHE DEFAULT CELL_FLASH_CACHE DEFAULT)
  TABLESPACE "SYSTEM" ;
--------------------------------------------------------
--  DDL for Index REVIEW_UK1
--------------------------------------------------------

  CREATE UNIQUE INDEX "REVIEW_UK1" ON "REVIEW" ("USERID", "MOVIE_PK") 
  PCTFREE 10 INITRANS 2 MAXTRANS 255 COMPUTE STATISTICS 
  STORAGE(INITIAL 65536 NEXT 1048576 MINEXTENTS 1 MAXEXTENTS 2147483645
  PCTINCREASE 0 FREELISTS 1 FREELIST GROUPS 1 BUFFER_POOL DEFAULT FLASH_CACHE DEFAULT CELL_FLASH_CACHE DEFAULT)
  TABLESPACE "SYSTEM" ;
--------------------------------------------------------
--  DDL for Index REVIEW_PK
--------------------------------------------------------

  CREATE UNIQUE INDEX "REVIEW_PK" ON "REVIEW" ("REVIEW_PK") 
  PCTFREE 10 INITRANS 2 MAXTRANS 255 COMPUTE STATISTICS 
  STORAGE(INITIAL 65536 NEXT 1048576 MINEXTENTS 1 MAXEXTENTS 2147483645
  PCTINCREASE 0 FREELISTS 1 FREELIST GROUPS 1 BUFFER_POOL DEFAULT FLASH_CACHE DEFAULT CELL_FLASH_CACHE DEFAULT)
  TABLESPACE "SYSTEM" ;
--------------------------------------------------------
--  DDL for Index SCREENING_PK
--------------------------------------------------------

  CREATE UNIQUE INDEX "SCREENING_PK" ON "SCREENING" ("SCR_PK") 
  PCTFREE 10 INITRANS 2 MAXTRANS 255 COMPUTE STATISTICS 
  STORAGE(INITIAL 65536 NEXT 1048576 MINEXTENTS 1 MAXEXTENTS 2147483645
  PCTINCREASE 0 FREELISTS 1 FREELIST GROUPS 1 BUFFER_POOL DEFAULT FLASH_CACHE DEFAULT CELL_FLASH_CACHE DEFAULT)
  TABLESPACE "SYSTEM" ;
--------------------------------------------------------
--  DDL for Index SEAT_PK
--------------------------------------------------------

  CREATE UNIQUE INDEX "SEAT_PK" ON "SEAT" ("SEAT_PK") 
  PCTFREE 10 INITRANS 2 MAXTRANS 255 COMPUTE STATISTICS 
  STORAGE(INITIAL 65536 NEXT 1048576 MINEXTENTS 1 MAXEXTENTS 2147483645
  PCTINCREASE 0 FREELISTS 1 FREELIST GROUPS 1 BUFFER_POOL DEFAULT FLASH_CACHE DEFAULT CELL_FLASH_CACHE DEFAULT)
  TABLESPACE "SYSTEM" ;
--------------------------------------------------------
--  DDL for Index STILLCUT_PK
--------------------------------------------------------

  CREATE UNIQUE INDEX "STILLCUT_PK" ON "STILLCUT" ("STILLCUT_PK") 
  PCTFREE 10 INITRANS 2 MAXTRANS 255 COMPUTE STATISTICS 
  STORAGE(INITIAL 65536 NEXT 1048576 MINEXTENTS 1 MAXEXTENTS 2147483645
  PCTINCREASE 0 FREELISTS 1 FREELIST GROUPS 1 BUFFER_POOL DEFAULT FLASH_CACHE DEFAULT CELL_FLASH_CACHE DEFAULT)
  TABLESPACE "SYSTEM" ;
--------------------------------------------------------
--  DDL for Index THEATER_PK
--------------------------------------------------------

  CREATE UNIQUE INDEX "THEATER_PK" ON "THEATER" ("THEATER_PK") 
  PCTFREE 10 INITRANS 2 MAXTRANS 255 COMPUTE STATISTICS 
  STORAGE(INITIAL 65536 NEXT 1048576 MINEXTENTS 1 MAXEXTENTS 2147483645
  PCTINCREASE 0 FREELISTS 1 FREELIST GROUPS 1 BUFFER_POOL DEFAULT FLASH_CACHE DEFAULT CELL_FLASH_CACHE DEFAULT)
  TABLESPACE "SYSTEM" ;
--------------------------------------------------------
--  Constraints for Table ACTOR
--------------------------------------------------------

  ALTER TABLE "ACTOR" ADD CONSTRAINT "ACTORLIST_PK" PRIMARY KEY ("ACTOR_PK")
  USING INDEX PCTFREE 10 INITRANS 2 MAXTRANS 255 COMPUTE STATISTICS 
  STORAGE(INITIAL 65536 NEXT 1048576 MINEXTENTS 1 MAXEXTENTS 2147483645
  PCTINCREASE 0 FREELISTS 1 FREELIST GROUPS 1 BUFFER_POOL DEFAULT FLASH_CACHE DEFAULT CELL_FLASH_CACHE DEFAULT)
  TABLESPACE "SYSTEM"  ENABLE;
  ALTER TABLE "ACTOR" MODIFY ("MOVIE_PK" NOT NULL ENABLE);
  ALTER TABLE "ACTOR" MODIFY ("ACTOR_PK" NOT NULL ENABLE);
--------------------------------------------------------
--  Constraints for Table AUDITORIUM
--------------------------------------------------------

  ALTER TABLE "AUDITORIUM" ADD CONSTRAINT "AUDITORIUM_PK" PRIMARY KEY ("AUD_PK")
  USING INDEX PCTFREE 10 INITRANS 2 MAXTRANS 255 COMPUTE STATISTICS 
  STORAGE(INITIAL 65536 NEXT 1048576 MINEXTENTS 1 MAXEXTENTS 2147483645
  PCTINCREASE 0 FREELISTS 1 FREELIST GROUPS 1 BUFFER_POOL DEFAULT FLASH_CACHE DEFAULT CELL_FLASH_CACHE DEFAULT)
  TABLESPACE "SYSTEM"  ENABLE;
  ALTER TABLE "AUDITORIUM" MODIFY ("THEATER_PK_NO" NOT NULL ENABLE);
  ALTER TABLE "AUDITORIUM" MODIFY ("SEAT_NUM" NOT NULL ENABLE);
  ALTER TABLE "AUDITORIUM" MODIFY ("AUD_NAME" NOT NULL ENABLE);
  ALTER TABLE "AUDITORIUM" MODIFY ("AUD_PK" NOT NULL ENABLE);
--------------------------------------------------------
--  Constraints for Table DIRECTOR
--------------------------------------------------------

  ALTER TABLE "DIRECTOR" ADD CONSTRAINT "DIRECTOR_PK" PRIMARY KEY ("DIRECTOR_PK")
  USING INDEX PCTFREE 10 INITRANS 2 MAXTRANS 255 COMPUTE STATISTICS 
  STORAGE(INITIAL 65536 NEXT 1048576 MINEXTENTS 1 MAXEXTENTS 2147483645
  PCTINCREASE 0 FREELISTS 1 FREELIST GROUPS 1 BUFFER_POOL DEFAULT FLASH_CACHE DEFAULT CELL_FLASH_CACHE DEFAULT)
  TABLESPACE "SYSTEM"  ENABLE;
  ALTER TABLE "DIRECTOR" MODIFY ("D_NAME" NOT NULL ENABLE);
  ALTER TABLE "DIRECTOR" MODIFY ("DIRECTOR_PK" NOT NULL ENABLE);
--------------------------------------------------------
--  Constraints for Table KAKAOMEMBER
--------------------------------------------------------

  ALTER TABLE "KAKAOMEMBER" ADD PRIMARY KEY ("USERID")
  USING INDEX PCTFREE 10 INITRANS 2 MAXTRANS 255 COMPUTE STATISTICS 
  STORAGE(INITIAL 65536 NEXT 1048576 MINEXTENTS 1 MAXEXTENTS 2147483645
  PCTINCREASE 0 FREELISTS 1 FREELIST GROUPS 1 BUFFER_POOL DEFAULT FLASH_CACHE DEFAULT CELL_FLASH_CACHE DEFAULT)
  TABLESPACE "SYSTEM"  ENABLE;
  ALTER TABLE "KAKAOMEMBER" MODIFY ("APILOGIN" NOT NULL ENABLE);
  ALTER TABLE "KAKAOMEMBER" MODIFY ("NAME" NOT NULL ENABLE);
  ALTER TABLE "KAKAOMEMBER" MODIFY ("EMAIL" NOT NULL ENABLE);
--------------------------------------------------------
--  Constraints for Table MEMBER
--------------------------------------------------------

  ALTER TABLE "MEMBER" ADD CONSTRAINT "MEMBER_PK" PRIMARY KEY ("USERID")
  USING INDEX PCTFREE 10 INITRANS 2 MAXTRANS 255 COMPUTE STATISTICS 
  STORAGE(INITIAL 65536 NEXT 1048576 MINEXTENTS 1 MAXEXTENTS 2147483645
  PCTINCREASE 0 FREELISTS 1 FREELIST GROUPS 1 BUFFER_POOL DEFAULT FLASH_CACHE DEFAULT CELL_FLASH_CACHE DEFAULT)
  TABLESPACE "SYSTEM"  ENABLE;
  ALTER TABLE "MEMBER" MODIFY ("ADMIN" NOT NULL ENABLE);
  ALTER TABLE "MEMBER" MODIFY ("AGREE" NOT NULL ENABLE);
  ALTER TABLE "MEMBER" MODIFY ("APILOGIN" NOT NULL ENABLE);
  ALTER TABLE "MEMBER" MODIFY ("PHONE" NOT NULL ENABLE);
  ALTER TABLE "MEMBER" MODIFY ("NAME" NOT NULL ENABLE);
  ALTER TABLE "MEMBER" MODIFY ("BIRTHDATE" NOT NULL ENABLE);
  ALTER TABLE "MEMBER" MODIFY ("EMAIL" NOT NULL ENABLE);
  ALTER TABLE "MEMBER" MODIFY ("PASSWORD" NOT NULL ENABLE);
  ALTER TABLE "MEMBER" MODIFY ("USERID" NOT NULL ENABLE);
--------------------------------------------------------
--  Constraints for Table MOVIE
--------------------------------------------------------

  ALTER TABLE "MOVIE" ADD CONSTRAINT "MOVIE_PK" PRIMARY KEY ("MOVIE_PK")
  USING INDEX PCTFREE 10 INITRANS 2 MAXTRANS 255 COMPUTE STATISTICS 
  STORAGE(INITIAL 65536 NEXT 1048576 MINEXTENTS 1 MAXEXTENTS 2147483645
  PCTINCREASE 0 FREELISTS 1 FREELIST GROUPS 1 BUFFER_POOL DEFAULT FLASH_CACHE DEFAULT CELL_FLASH_CACHE DEFAULT)
  TABLESPACE "SYSTEM"  ENABLE;
  ALTER TABLE "MOVIE" MODIFY ("MAINPOST_IMG" NOT NULL ENABLE);
  ALTER TABLE "MOVIE" MODIFY ("M_TITLE" NOT NULL ENABLE);
  ALTER TABLE "MOVIE" MODIFY ("MOVIE_PK" NOT NULL ENABLE);
--------------------------------------------------------
--  Constraints for Table RESERVATION
--------------------------------------------------------

  ALTER TABLE "RESERVATION" ADD CONSTRAINT "RESERVATION_PK" PRIMARY KEY ("RESERVATION_PK")
  USING INDEX PCTFREE 10 INITRANS 2 MAXTRANS 255 COMPUTE STATISTICS 
  STORAGE(INITIAL 65536 NEXT 1048576 MINEXTENTS 1 MAXEXTENTS 2147483645
  PCTINCREASE 0 FREELISTS 1 FREELIST GROUPS 1 BUFFER_POOL DEFAULT FLASH_CACHE DEFAULT CELL_FLASH_CACHE DEFAULT)
  TABLESPACE "SYSTEM"  ENABLE;
  ALTER TABLE "RESERVATION" MODIFY ("RESERVE_DATE" NOT NULL ENABLE);
  ALTER TABLE "RESERVATION" MODIFY ("PAYMENT" NOT NULL ENABLE);
  ALTER TABLE "RESERVATION" MODIFY ("SCR_PK_NO" NOT NULL ENABLE);
  ALTER TABLE "RESERVATION" MODIFY ("RESERVATION_PK" NOT NULL ENABLE);
--------------------------------------------------------
--  Constraints for Table RESERVEDSEAT
--------------------------------------------------------

  ALTER TABLE "RESERVEDSEAT" ADD CONSTRAINT "RESERVEDSEAT_PK" PRIMARY KEY ("RESERVEDSEAT_PK")
  USING INDEX PCTFREE 10 INITRANS 2 MAXTRANS 255 COMPUTE STATISTICS 
  STORAGE(INITIAL 65536 NEXT 1048576 MINEXTENTS 1 MAXEXTENTS 2147483645
  PCTINCREASE 0 FREELISTS 1 FREELIST GROUPS 1 BUFFER_POOL DEFAULT FLASH_CACHE DEFAULT CELL_FLASH_CACHE DEFAULT)
  TABLESPACE "SYSTEM"  ENABLE;
  ALTER TABLE "RESERVEDSEAT" MODIFY ("RESERVATION_PK_NO" NOT NULL ENABLE);
  ALTER TABLE "RESERVEDSEAT" MODIFY ("SCR_PK_NO" NOT NULL ENABLE);
  ALTER TABLE "RESERVEDSEAT" MODIFY ("SEAT_PK_NO" NOT NULL ENABLE);
  ALTER TABLE "RESERVEDSEAT" MODIFY ("RESERVEDSEAT_PK" NOT NULL ENABLE);
--------------------------------------------------------
--  Constraints for Table REVIEW
--------------------------------------------------------

  ALTER TABLE "REVIEW" ADD CONSTRAINT "REVIEW_UK1" UNIQUE ("USERID", "MOVIE_PK")
  USING INDEX PCTFREE 10 INITRANS 2 MAXTRANS 255 COMPUTE STATISTICS 
  STORAGE(INITIAL 65536 NEXT 1048576 MINEXTENTS 1 MAXEXTENTS 2147483645
  PCTINCREASE 0 FREELISTS 1 FREELIST GROUPS 1 BUFFER_POOL DEFAULT FLASH_CACHE DEFAULT CELL_FLASH_CACHE DEFAULT)
  TABLESPACE "SYSTEM"  ENABLE;
  ALTER TABLE "REVIEW" ADD CONSTRAINT "REVIEW_PK" PRIMARY KEY ("REVIEW_PK")
  USING INDEX PCTFREE 10 INITRANS 2 MAXTRANS 255 COMPUTE STATISTICS 
  STORAGE(INITIAL 65536 NEXT 1048576 MINEXTENTS 1 MAXEXTENTS 2147483645
  PCTINCREASE 0 FREELISTS 1 FREELIST GROUPS 1 BUFFER_POOL DEFAULT FLASH_CACHE DEFAULT CELL_FLASH_CACHE DEFAULT)
  TABLESPACE "SYSTEM"  ENABLE;
  ALTER TABLE "REVIEW" MODIFY ("SCORE" NOT NULL ENABLE);
  ALTER TABLE "REVIEW" MODIFY ("RV_CONTENT" NOT NULL ENABLE);
  ALTER TABLE "REVIEW" MODIFY ("RV_DATE" NOT NULL ENABLE);
  ALTER TABLE "REVIEW" MODIFY ("MOVIE_PK" NOT NULL ENABLE);
  ALTER TABLE "REVIEW" MODIFY ("REVIEW_PK" NOT NULL ENABLE);
--------------------------------------------------------
--  Constraints for Table SCREENING
--------------------------------------------------------

  ALTER TABLE "SCREENING" ADD CONSTRAINT "SCREENING_PK" PRIMARY KEY ("SCR_PK")
  USING INDEX PCTFREE 10 INITRANS 2 MAXTRANS 255 COMPUTE STATISTICS 
  STORAGE(INITIAL 65536 NEXT 1048576 MINEXTENTS 1 MAXEXTENTS 2147483645
  PCTINCREASE 0 FREELISTS 1 FREELIST GROUPS 1 BUFFER_POOL DEFAULT FLASH_CACHE DEFAULT CELL_FLASH_CACHE DEFAULT)
  TABLESPACE "SYSTEM"  ENABLE;
  ALTER TABLE "SCREENING" MODIFY ("MOVIE_PK_NO" NOT NULL ENABLE);
  ALTER TABLE "SCREENING" MODIFY ("AUD_PK_NO" NOT NULL ENABLE);
  ALTER TABLE "SCREENING" MODIFY ("THEATER_PK_NO" NOT NULL ENABLE);
  ALTER TABLE "SCREENING" MODIFY ("SCR_TIME" NOT NULL ENABLE);
  ALTER TABLE "SCREENING" MODIFY ("SCR_DATE" NOT NULL ENABLE);
  ALTER TABLE "SCREENING" MODIFY ("SCR_PK" NOT NULL ENABLE);
--------------------------------------------------------
--  Constraints for Table SEAT
--------------------------------------------------------

  ALTER TABLE "SEAT" ADD CONSTRAINT "SEAT_PK" PRIMARY KEY ("SEAT_PK")
  USING INDEX PCTFREE 10 INITRANS 2 MAXTRANS 255 COMPUTE STATISTICS 
  STORAGE(INITIAL 65536 NEXT 1048576 MINEXTENTS 1 MAXEXTENTS 2147483645
  PCTINCREASE 0 FREELISTS 1 FREELIST GROUPS 1 BUFFER_POOL DEFAULT FLASH_CACHE DEFAULT CELL_FLASH_CACHE DEFAULT)
  TABLESPACE "SYSTEM"  ENABLE;
  ALTER TABLE "SEAT" MODIFY ("SEAT_NUM" NOT NULL ENABLE);
  ALTER TABLE "SEAT" MODIFY ("AUD_PK_NO" NOT NULL ENABLE);
  ALTER TABLE "SEAT" MODIFY ("SEAT_NAME" NOT NULL ENABLE);
  ALTER TABLE "SEAT" MODIFY ("SEAT_PK" NOT NULL ENABLE);
--------------------------------------------------------
--  Constraints for Table STILLCUT
--------------------------------------------------------

  ALTER TABLE "STILLCUT" ADD CONSTRAINT "STILLCUT_PK" PRIMARY KEY ("STILLCUT_PK")
  USING INDEX PCTFREE 10 INITRANS 2 MAXTRANS 255 COMPUTE STATISTICS 
  STORAGE(INITIAL 65536 NEXT 1048576 MINEXTENTS 1 MAXEXTENTS 2147483645
  PCTINCREASE 0 FREELISTS 1 FREELIST GROUPS 1 BUFFER_POOL DEFAULT FLASH_CACHE DEFAULT CELL_FLASH_CACHE DEFAULT)
  TABLESPACE "SYSTEM"  ENABLE;
  ALTER TABLE "STILLCUT" MODIFY ("MOVIE_PK" NOT NULL ENABLE);
  ALTER TABLE "STILLCUT" MODIFY ("STILLCUT_PK" NOT NULL ENABLE);
--------------------------------------------------------
--  Constraints for Table THEATER
--------------------------------------------------------

  ALTER TABLE "THEATER" ADD CONSTRAINT "THEATER_PK" PRIMARY KEY ("THEATER_PK")
  USING INDEX PCTFREE 10 INITRANS 2 MAXTRANS 255 COMPUTE STATISTICS 
  STORAGE(INITIAL 65536 NEXT 1048576 MINEXTENTS 1 MAXEXTENTS 2147483645
  PCTINCREASE 0 FREELISTS 1 FREELIST GROUPS 1 BUFFER_POOL DEFAULT FLASH_CACHE DEFAULT CELL_FLASH_CACHE DEFAULT)
  TABLESPACE "SYSTEM"  ENABLE;
  ALTER TABLE "THEATER" MODIFY ("T_ADDRESS" NOT NULL ENABLE);
  ALTER TABLE "THEATER" MODIFY ("LOCATION" NOT NULL ENABLE);
  ALTER TABLE "THEATER" MODIFY ("THEATER_PK" NOT NULL ENABLE);
--------------------------------------------------------
--  Ref Constraints for Table ACTOR
--------------------------------------------------------

  ALTER TABLE "ACTOR" ADD CONSTRAINT "FK_ACTORLIST_MOVIE_PK_NO_MOVIE" FOREIGN KEY ("MOVIE_PK")
	  REFERENCES "MOVIE" ("MOVIE_PK") ENABLE;
--------------------------------------------------------
--  Ref Constraints for Table AUDITORIUM
--------------------------------------------------------

  ALTER TABLE "AUDITORIUM" ADD CONSTRAINT "FK_AUDITORIUM_THEATER_PK_NO_TH" FOREIGN KEY ("THEATER_PK_NO")
	  REFERENCES "THEATER" ("THEATER_PK") ENABLE;
--------------------------------------------------------
--  Ref Constraints for Table RESERVATION
--------------------------------------------------------

  ALTER TABLE "RESERVATION" ADD CONSTRAINT "FK_RESERVATION_USERID_MEMBER_U" FOREIGN KEY ("USERID")
	  REFERENCES "MEMBER" ("USERID") ENABLE;
  ALTER TABLE "RESERVATION" ADD CONSTRAINT "FK_SCREENING_SCR_PK" FOREIGN KEY ("SCR_PK_NO")
	  REFERENCES "SCREENING" ("SCR_PK") ENABLE;
  ALTER TABLE "RESERVATION" ADD FOREIGN KEY ("KAKAOUSERID")
	  REFERENCES "KAKAOMEMBER" ("USERID") ENABLE;
--------------------------------------------------------
--  Ref Constraints for Table RESERVEDSEAT
--------------------------------------------------------

  ALTER TABLE "RESERVEDSEAT" ADD CONSTRAINT "FK_RESERVEDSEAT_RESERVATION_PK" FOREIGN KEY ("RESERVATION_PK_NO")
	  REFERENCES "RESERVATION" ("RESERVATION_PK") ENABLE;
  ALTER TABLE "RESERVEDSEAT" ADD CONSTRAINT "FK_RESERVEDSEAT_SCR_PK_NO_SCRE" FOREIGN KEY ("SCR_PK_NO")
	  REFERENCES "SCREENING" ("SCR_PK") ENABLE;
  ALTER TABLE "RESERVEDSEAT" ADD CONSTRAINT "FK_RESERVEDSEAT_SEAT_PK_NO_SEA" FOREIGN KEY ("SEAT_PK_NO")
	  REFERENCES "SEAT" ("SEAT_PK") ENABLE;
--------------------------------------------------------
--  Ref Constraints for Table REVIEW
--------------------------------------------------------

  ALTER TABLE "REVIEW" ADD CONSTRAINT "FK_REVIEW_MOVIE_PK_MOVIE_MOVIE" FOREIGN KEY ("MOVIE_PK")
	  REFERENCES "MOVIE" ("MOVIE_PK") ENABLE;
  ALTER TABLE "REVIEW" ADD CONSTRAINT "FK_REVIEW_USERID_MEMBER_KID" FOREIGN KEY ("KAKAOUSERID")
	  REFERENCES "MEMBER" ("USERID") ENABLE;
  ALTER TABLE "REVIEW" ADD CONSTRAINT "FK_REVIEW_USERID_MEMBER_USERID" FOREIGN KEY ("USERID")
	  REFERENCES "MEMBER" ("USERID") ENABLE;
--------------------------------------------------------
--  Ref Constraints for Table SCREENING
--------------------------------------------------------

  ALTER TABLE "SCREENING" ADD CONSTRAINT "FK_SCREENING_AUD_PK_NO_AUDITOR" FOREIGN KEY ("AUD_PK_NO")
	  REFERENCES "AUDITORIUM" ("AUD_PK") ENABLE;
  ALTER TABLE "SCREENING" ADD CONSTRAINT "FK_SCREENING_MOVIE_PK_NO_MOVIE" FOREIGN KEY ("MOVIE_PK_NO")
	  REFERENCES "MOVIE" ("MOVIE_PK") ENABLE;
  ALTER TABLE "SCREENING" ADD CONSTRAINT "FK_SCREENING_THEATER_PK_NO_THE" FOREIGN KEY ("THEATER_PK_NO")
	  REFERENCES "THEATER" ("THEATER_PK") ENABLE;
--------------------------------------------------------
--  Ref Constraints for Table SEAT
--------------------------------------------------------

  ALTER TABLE "SEAT" ADD CONSTRAINT "FK_SEAT_AUD_PK_NO_AUDITORIUM_A" FOREIGN KEY ("AUD_PK_NO")
	  REFERENCES "AUDITORIUM" ("AUD_PK") ENABLE;
--------------------------------------------------------
--  Ref Constraints for Table STILLCUT
--------------------------------------------------------

  ALTER TABLE "STILLCUT" ADD CONSTRAINT "FK_STILLCUT_MOVIE_PK_NO_MOVIE_" FOREIGN KEY ("MOVIE_PK")
	  REFERENCES "MOVIE" ("MOVIE_PK") ENABLE;
